customer_id,customer,jurisdiction,approved_exposure_crore,utilized_crore,open_covenant_exceptions,as_of
ACME-001,Acme Group,Singapore,535,487,3,2026-10-07
CUST-0010,Customer 10,Singapore,100,80,0,2026-10-07
CUST-0011,Customer 11,Singapore,103,82,1,2026-10-07
CUST-0012,Customer 12,Singapore,106,84,2,2026-10-07
CUST-0013,Customer 13,Singapore,109,86,3,2026-10-07
CUST-0014,Customer 14,Singapore,112,88,0,2026-10-07
CUST-0015,Customer 15,Singapore,115,90,1,2026-10-07
CUST-0016,Customer 16,Singapore,118,92,2,2026-10-07
CUST-0017,Customer 17,Singapore,121,94,3,2026-10-07
CUST-0018,Customer 18,Singapore,124,96,0,2026-10-07
CUST-0019,Customer 19,Singapore,127,98,1,2026-10-07
CUST-0020,Customer 20,Singapore,130,100,2,2026-10-07
CUST-0021,Customer 21,Singapore,133,102,3,2026-10-07
CUST-0022,Customer 22,Singapore,136,104,0,2026-10-07
CUST-0023,Customer 23,Singapore,139,106,1,2026-10-07
CUST-0024,Customer 24,Singapore,142,108,2,2026-10-07
CUST-0025,Customer 25,Singapore,145,110,3,2026-10-07
CUST-0026,Customer 26,Singapore,148,112,0,2026-10-07
CUST-0027,Customer 27,Singapore,151,114,1,2026-10-07
CUST-0028,Customer 28,Singapore,154,116,2,2026-10-07
CUST-0029,Customer 29,Singapore,157,118,3,2026-10-07
CUST-0030,Customer 30,Singapore,160,120,0,2026-10-07
CUST-0031,Customer 31,Singapore,163,122,1,2026-10-07
CUST-0032,Customer 32,Singapore,166,124,2,2026-10-07
CUST-0033,Customer 33,Singapore,169,126,3,2026-10-07
CUST-0034,Customer 34,Singapore,172,128,0,2026-10-07
CUST-0035,Customer 35,Singapore,175,130,1,2026-10-07
CUST-0036,Customer 36,Singapore,178,132,2,2026-10-07
CUST-0037,Customer 37,Singapore,181,134,3,2026-10-07
CUST-0038,Customer 38,Singapore,184,136,0,2026-10-07
CUST-0039,Customer 39,Singapore,187,138,1,2026-10-07
CUST-0040,Customer 40,Singapore,190,140,2,2026-10-07
CUST-0041,Customer 41,Singapore,193,142,3,2026-10-07
CUST-0042,Customer 42,Singapore,196,144,0,2026-10-07
CUST-0043,Customer 43,Singapore,199,146,1,2026-10-07
CUST-0044,Customer 44,Singapore,202,148,2,2026-10-07
CUST-0045,Customer 45,Singapore,205,150,3,2026-10-07
CUST-0046,Customer 46,Singapore,208,152,0,2026-10-07
CUST-0047,Customer 47,Singapore,211,154,1,2026-10-07
CUST-0048,Customer 48,Singapore,214,156,2,2026-10-07
CUST-0049,Customer 49,Singapore,217,158,3,2026-10-07
CUST-0050,Customer 50,Singapore,220,160,0,2026-10-07
CUST-0051,Customer 51,Singapore,223,162,1,2026-10-07
CUST-0052,Customer 52,Singapore,226,164,2,2026-10-07
CUST-0053,Customer 53,Singapore,229,166,3,2026-10-07
CUST-0054,Customer 54,Singapore,232,168,0,2026-10-07
CUST-0055,Customer 55,Singapore,235,170,1,2026-10-07
CUST-0056,Customer 56,Singapore,238,172,2,2026-10-07
CUST-0057,Customer 57,Singapore,241,174,3,2026-10-07
CUST-0058,Customer 58,Singapore,244,176,0,2026-10-07
CUST-0059,Customer 59,Singapore,247,178,1,2026-10-07
CUST-0060,Customer 60,Singapore,250,180,2,2026-10-07
CUST-0061,Customer 61,Singapore,253,182,3,2026-10-07
CUST-0062,Customer 62,Singapore,256,184,0,2026-10-07
CUST-0063,Customer 63,Singapore,259,186,1,2026-10-07
CUST-0064,Customer 64,Singapore,262,188,2,2026-10-07
CUST-0065,Customer 65,Singapore,265,190,3,2026-10-07
CUST-0066,Customer 66,Singapore,268,192,0,2026-10-07
CUST-0067,Customer 67,Singapore,271,194,1,2026-10-07
CUST-0068,Customer 68,Singapore,274,196,2,2026-10-07
CUST-0069,Customer 69,Singapore,277,198,3,2026-10-07
CUST-0070,Customer 70,Singapore,280,200,0,2026-10-07
CUST-0071,Customer 71,Singapore,283,202,1,2026-10-07
CUST-0072,Customer 72,Singapore,286,204,2,2026-10-07
CUST-0073,Customer 73,Singapore,289,206,3,2026-10-07
CUST-0074,Customer 74,Singapore,292,208,0,2026-10-07
CUST-0075,Customer 75,Singapore,295,210,1,2026-10-07
CUST-0076,Customer 76,Singapore,298,212,2,2026-10-07
CUST-0077,Customer 77,Singapore,301,214,3,2026-10-07
CUST-0078,Customer 78,Singapore,304,216,0,2026-10-07
CUST-0079,Customer 79,Singapore,307,218,1,2026-10-07
CUST-0080,Customer 80,Singapore,310,220,2,2026-10-07
CUST-0081,Customer 81,Singapore,313,222,3,2026-10-07
CUST-0082,Customer 82,Singapore,316,224,0,2026-10-07
CUST-0083,Customer 83,Singapore,319,226,1,2026-10-07
CUST-0084,Customer 84,Singapore,322,228,2,2026-10-07
CUST-0085,Customer 85,Singapore,325,230,3,2026-10-07
CUST-0086,Customer 86,Singapore,328,232,0,2026-10-07
CUST-0087,Customer 87,Singapore,331,234,1,2026-10-07
CUST-0088,Customer 88,Singapore,334,236,2,2026-10-07
CUST-0089,Customer 89,Singapore,337,238,3,2026-10-07
CUST-0090,Customer 90,Singapore,340,240,0,2026-10-07
CUST-0091,Customer 91,Singapore,343,242,1,2026-10-07
CUST-0092,Customer 92,Singapore,346,244,2,2026-10-07
CUST-0093,Customer 93,Singapore,349,246,3,2026-10-07
CUST-0094,Customer 94,Singapore,352,248,0,2026-10-07
CUST-0095,Customer 95,Singapore,355,250,1,2026-10-07
CUST-0096,Customer 96,Singapore,358,252,2,2026-10-07
CUST-0097,Customer 97,Singapore,361,254,3,2026-10-07
CUST-0098,Customer 98,Singapore,364,256,0,2026-10-07
CUST-0099,Customer 99,Singapore,367,258,1,2026-10-07
CUST-0100,Customer 100,Singapore,370,260,2,2026-10-07
CUST-0101,Customer 101,Singapore,373,262,3,2026-10-07
CUST-0102,Customer 102,Singapore,376,264,0,2026-10-07
CUST-0103,Customer 103,Singapore,379,266,1,2026-10-07
CUST-0104,Customer 104,Singapore,382,268,2,2026-10-07
CUST-0105,Customer 105,Singapore,385,270,3,2026-10-07
CUST-0106,Customer 106,Singapore,388,272,0,2026-10-07
CUST-0107,Customer 107,Singapore,391,274,1,2026-10-07
CUST-0108,Customer 108,Singapore,394,276,2,2026-10-07
CUST-0109,Customer 109,Singapore,397,278,3,2026-10-07
CUST-0110,Customer 110,Singapore,400,280,0,2026-10-07
CUST-0111,Customer 111,Singapore,403,282,1,2026-10-07
CUST-0112,Customer 112,Singapore,406,284,2,2026-10-07
CUST-0113,Customer 113,Singapore,409,286,3,2026-10-07
CUST-0114,Customer 114,Singapore,412,288,0,2026-10-07
CUST-0115,Customer 115,Singapore,415,290,1,2026-10-07
CUST-0116,Customer 116,Singapore,418,292,2,2026-10-07
CUST-0117,Customer 117,Singapore,421,294,3,2026-10-07
CUST-0118,Customer 118,Singapore,424,296,0,2026-10-07
CUST-0119,Customer 119,Singapore,427,298,1,2026-10-07
CUST-0120,Customer 120,Singapore,430,300,2,2026-10-07
CUST-0121,Customer 121,Singapore,433,302,3,2026-10-07
CUST-0122,Customer 122,Singapore,436,304,0,2026-10-07
CUST-0123,Customer 123,Singapore,439,306,1,2026-10-07
CUST-0124,Customer 124,Singapore,442,308,2,2026-10-07
CUST-0125,Customer 125,Singapore,445,310,3,2026-10-07
CUST-0126,Customer 126,Singapore,448,312,0,2026-10-07
CUST-0127,Customer 127,Singapore,451,314,1,2026-10-07
CUST-0128,Customer 128,Singapore,454,316,2,2026-10-07
CUST-0129,Customer 129,Singapore,457,318,3,2026-10-07
CUST-0130,Customer 130,Singapore,460,320,0,2026-10-07
CUST-0131,Customer 131,Singapore,463,322,1,2026-10-07
CUST-0132,Customer 132,Singapore,466,324,2,2026-10-07
CUST-0133,Customer 133,Singapore,469,326,3,2026-10-07
CUST-0134,Customer 134,Singapore,472,328,0,2026-10-07
CUST-0135,Customer 135,Singapore,475,330,1,2026-10-07
CUST-0136,Customer 136,Singapore,478,332,2,2026-10-07
CUST-0137,Customer 137,Singapore,481,334,3,2026-10-07
CUST-0138,Customer 138,Singapore,484,336,0,2026-10-07
CUST-0139,Customer 139,Singapore,487,338,1,2026-10-07
CUST-0140,Customer 140,Singapore,490,340,2,2026-10-07
CUST-0141,Customer 141,Singapore,493,342,3,2026-10-07
CUST-0142,Customer 142,Singapore,496,344,0,2026-10-07
CUST-0143,Customer 143,Singapore,499,346,1,2026-10-07
CUST-0144,Customer 144,Singapore,502,348,2,2026-10-07
CUST-0145,Customer 145,Singapore,505,350,3,2026-10-07
CUST-0146,Customer 146,Singapore,508,352,0,2026-10-07
CUST-0147,Customer 147,Singapore,511,354,1,2026-10-07
CUST-0148,Customer 148,Singapore,514,356,2,2026-10-07
CUST-0149,Customer 149,Singapore,517,358,3,2026-10-07
CUST-0150,Customer 150,Singapore,520,360,0,2026-10-07
CUST-0151,Customer 151,Singapore,523,362,1,2026-10-07
CUST-0152,Customer 152,Singapore,526,364,2,2026-10-07
CUST-0153,Customer 153,Singapore,529,366,3,2026-10-07
CUST-0154,Customer 154,Singapore,532,368,0,2026-10-07
CUST-0155,Customer 155,Singapore,535,370,1,2026-10-07
CUST-0156,Customer 156,Singapore,538,372,2,2026-10-07
CUST-0157,Customer 157,Singapore,541,374,3,2026-10-07
CUST-0158,Customer 158,Singapore,544,376,0,2026-10-07
CUST-0159,Customer 159,Singapore,547,378,1,2026-10-07
CUST-0160,Customer 160,Singapore,550,380,2,2026-10-07
CUST-0161,Customer 161,Singapore,553,382,3,2026-10-07
CUST-0162,Customer 162,Singapore,556,384,0,2026-10-07
CUST-0163,Customer 163,Singapore,559,386,1,2026-10-07
CUST-0164,Customer 164,Singapore,562,388,2,2026-10-07
CUST-0165,Customer 165,Singapore,565,390,3,2026-10-07
CUST-0166,Customer 166,Singapore,568,392,0,2026-10-07
CUST-0167,Customer 167,Singapore,571,394,1,2026-10-07
CUST-0168,Customer 168,Singapore,574,396,2,2026-10-07
CUST-0169,Customer 169,Singapore,577,398,3,2026-10-07
CUST-0170,Customer 170,Singapore,580,400,0,2026-10-07
CUST-0171,Customer 171,Singapore,583,402,1,2026-10-07
CUST-0172,Customer 172,Singapore,586,404,2,2026-10-07
CUST-0173,Customer 173,Singapore,589,406,3,2026-10-07
CUST-0174,Customer 174,Singapore,592,408,0,2026-10-07
CUST-0175,Customer 175,Singapore,595,410,1,2026-10-07
CUST-0176,Customer 176,Singapore,598,412,2,2026-10-07
CUST-0177,Customer 177,Singapore,601,414,3,2026-10-07
CUST-0178,Customer 178,Singapore,604,416,0,2026-10-07
CUST-0179,Customer 179,Singapore,607,418,1,2026-10-07
CUST-0180,Customer 180,Singapore,610,420,2,2026-10-07
CUST-0181,Customer 181,Singapore,613,422,3,2026-10-07
CUST-0182,Customer 182,Singapore,616,424,0,2026-10-07
CUST-0183,Customer 183,Singapore,619,426,1,2026-10-07
CUST-0184,Customer 184,Singapore,622,428,2,2026-10-07
CUST-0185,Customer 185,Singapore,625,430,3,2026-10-07
CUST-0186,Customer 186,Singapore,628,432,0,2026-10-07
CUST-0187,Customer 187,Singapore,631,434,1,2026-10-07
CUST-0188,Customer 188,Singapore,634,436,2,2026-10-07
CUST-0189,Customer 189,Singapore,637,438,3,2026-10-07
CUST-0190,Customer 190,Singapore,640,440,0,2026-10-07
CUST-0191,Customer 191,Singapore,643,442,1,2026-10-07
CUST-0192,Customer 192,Singapore,646,444,2,2026-10-07
CUST-0193,Customer 193,Singapore,649,446,3,2026-10-07
CUST-0194,Customer 194,Singapore,652,448,0,2026-10-07
CUST-0195,Customer 195,Singapore,655,450,1,2026-10-07
CUST-0196,Customer 196,Singapore,658,452,2,2026-10-07
CUST-0197,Customer 197,Singapore,661,454,3,2026-10-07
CUST-0198,Customer 198,Singapore,664,456,0,2026-10-07
CUST-0199,Customer 199,Singapore,667,458,1,2026-10-07
CUST-0200,Customer 200,Singapore,670,460,2,2026-10-07
CUST-0201,Customer 201,Singapore,673,462,3,2026-10-07
CUST-0202,Customer 202,Singapore,676,464,0,2026-10-07
CUST-0203,Customer 203,Singapore,679,466,1,2026-10-07
CUST-0204,Customer 204,Singapore,682,468,2,2026-10-07
CUST-0205,Customer 205,Singapore,685,470,3,2026-10-07
CUST-0206,Customer 206,Singapore,688,472,0,2026-10-07
CUST-0207,Customer 207,Singapore,691,474,1,2026-10-07
CUST-0208,Customer 208,Singapore,694,476,2,2026-10-07
CUST-0209,Customer 209,Singapore,697,478,3,2026-10-07
CUST-0210,Customer 210,Singapore,700,480,0,2026-10-07
CUST-0211,Customer 211,Singapore,703,482,1,2026-10-07
CUST-0212,Customer 212,Singapore,706,484,2,2026-10-07
CUST-0213,Customer 213,Singapore,709,486,3,2026-10-07
CUST-0214,Customer 214,Singapore,712,488,0,2026-10-07
CUST-0215,Customer 215,Singapore,715,490,1,2026-10-07
CUST-0216,Customer 216,Singapore,718,492,2,2026-10-07
CUST-0217,Customer 217,Singapore,721,494,3,2026-10-07
CUST-0218,Customer 218,Singapore,724,496,0,2026-10-07
CUST-0219,Customer 219,Singapore,727,498,1,2026-10-07
CUST-0220,Customer 220,Singapore,730,500,2,2026-10-07
CUST-0221,Customer 221,Singapore,733,502,3,2026-10-07
CUST-0222,Customer 222,Singapore,736,504,0,2026-10-07
CUST-0223,Customer 223,Singapore,739,506,1,2026-10-07
CUST-0224,Customer 224,Singapore,742,508,2,2026-10-07
CUST-0225,Customer 225,Singapore,745,510,3,2026-10-07
CUST-0226,Customer 226,Singapore,748,512,0,2026-10-07
CUST-0227,Customer 227,Singapore,751,514,1,2026-10-07
CUST-0228,Customer 228,Singapore,754,516,2,2026-10-07
CUST-0229,Customer 229,Singapore,757,518,3,2026-10-07
CUST-0230,Customer 230,Singapore,760,520,0,2026-10-07
CUST-0231,Customer 231,Singapore,763,522,1,2026-10-07
CUST-0232,Customer 232,Singapore,766,524,2,2026-10-07
CUST-0233,Customer 233,Singapore,769,526,3,2026-10-07
CUST-0234,Customer 234,Singapore,772,528,0,2026-10-07
CUST-0235,Customer 235,Singapore,775,530,1,2026-10-07
CUST-0236,Customer 236,Singapore,778,532,2,2026-10-07
CUST-0237,Customer 237,Singapore,781,534,3,2026-10-07
CUST-0238,Customer 238,Singapore,784,536,0,2026-10-07
CUST-0239,Customer 239,Singapore,787,538,1,2026-10-07
CUST-0240,Customer 240,Singapore,790,540,2,2026-10-07
CUST-0241,Customer 241,Singapore,793,542,3,2026-10-07
CUST-0242,Customer 242,Singapore,796,544,0,2026-10-07
CUST-0243,Customer 243,Singapore,799,546,1,2026-10-07
CUST-0244,Customer 244,Singapore,802,548,2,2026-10-07
CUST-0245,Customer 245,Singapore,805,550,3,2026-10-07
CUST-0246,Customer 246,Singapore,808,552,0,2026-10-07
CUST-0247,Customer 247,Singapore,811,554,1,2026-10-07
CUST-0248,Customer 248,Singapore,814,556,2,2026-10-07
CUST-0249,Customer 249,Singapore,817,558,3,2026-10-07
CUST-0250,Customer 250,Singapore,820,560,0,2026-10-07
CUST-0251,Customer 251,Singapore,823,562,1,2026-10-07
CUST-0252,Customer 252,Singapore,826,564,2,2026-10-07
CUST-0253,Customer 253,Singapore,829,566,3,2026-10-07
CUST-0254,Customer 254,Singapore,832,568,0,2026-10-07
CUST-0255,Customer 255,Singapore,835,570,1,2026-10-07
CUST-0256,Customer 256,Singapore,838,572,2,2026-10-07
CUST-0257,Customer 257,Singapore,841,574,3,2026-10-07
CUST-0258,Customer 258,Singapore,844,576,0,2026-10-07
CUST-0259,Customer 259,Singapore,847,578,1,2026-10-07
CUST-0260,Customer 260,Singapore,850,580,2,2026-10-07
CUST-0261,Customer 261,Singapore,853,582,3,2026-10-07
CUST-0262,Customer 262,Singapore,856,584,0,2026-10-07
CUST-0263,Customer 263,Singapore,859,586,1,2026-10-07
CUST-0264,Customer 264,Singapore,862,588,2,2026-10-07
CUST-0265,Customer 265,Singapore,865,590,3,2026-10-07
CUST-0266,Customer 266,Singapore,868,592,0,2026-10-07
CUST-0267,Customer 267,Singapore,871,594,1,2026-10-07
CUST-0268,Customer 268,Singapore,874,596,2,2026-10-07
CUST-0269,Customer 269,Singapore,877,598,3,2026-10-07
CUST-0270,Customer 270,Singapore,880,600,0,2026-10-07
CUST-0271,Customer 271,Singapore,883,602,1,2026-10-07
CUST-0272,Customer 272,Singapore,886,604,2,2026-10-07
CUST-0273,Customer 273,Singapore,889,606,3,2026-10-07
CUST-0274,Customer 274,Singapore,892,608,0,2026-10-07
CUST-0275,Customer 275,Singapore,895,610,1,2026-10-07
CUST-0276,Customer 276,Singapore,898,612,2,2026-10-07
CUST-0277,Customer 277,Singapore,901,614,3,2026-10-07
CUST-0278,Customer 278,Singapore,904,616,0,2026-10-07
CUST-0279,Customer 279,Singapore,907,618,1,2026-10-07
CUST-0280,Customer 280,Singapore,910,620,2,2026-10-07
CUST-0281,Customer 281,Singapore,913,622,3,2026-10-07
CUST-0282,Customer 282,Singapore,916,624,0,2026-10-07
CUST-0283,Customer 283,Singapore,919,626,1,2026-10-07
CUST-0284,Customer 284,Singapore,922,628,2,2026-10-07
CUST-0285,Customer 285,Singapore,925,630,3,2026-10-07
CUST-0286,Customer 286,Singapore,928,632,0,2026-10-07
CUST-0287,Customer 287,Singapore,931,634,1,2026-10-07
CUST-0288,Customer 288,Singapore,934,636,2,2026-10-07
CUST-0289,Customer 289,Singapore,937,638,3,2026-10-07
CUST-0290,Customer 290,Singapore,940,640,0,2026-10-07
CUST-0291,Customer 291,Singapore,943,642,1,2026-10-07
CUST-0292,Customer 292,Singapore,946,644,2,2026-10-07
CUST-0293,Customer 293,Singapore,949,646,3,2026-10-07
CUST-0294,Customer 294,Singapore,952,648,0,2026-10-07
CUST-0295,Customer 295,Singapore,955,650,1,2026-10-07
CUST-0296,Customer 296,Singapore,958,652,2,2026-10-07
CUST-0297,Customer 297,Singapore,961,654,3,2026-10-07
CUST-0298,Customer 298,Singapore,964,656,0,2026-10-07
CUST-0299,Customer 299,Singapore,967,658,1,2026-10-07
CUST-0300,Customer 300,Singapore,970,660,2,2026-10-07
CUST-0301,Customer 301,Singapore,973,662,3,2026-10-07
CUST-0302,Customer 302,Singapore,976,664,0,2026-10-07
CUST-0303,Customer 303,Singapore,979,666,1,2026-10-07
CUST-0304,Customer 304,Singapore,982,668,2,2026-10-07
CUST-0305,Customer 305,Singapore,985,670,3,2026-10-07
CUST-0306,Customer 306,Singapore,988,672,0,2026-10-07
CUST-0307,Customer 307,Singapore,991,674,1,2026-10-07
CUST-0308,Customer 308,Singapore,994,676,2,2026-10-07
CUST-0309,Customer 309,Singapore,997,678,3,2026-10-07
