part_no,model,serial_from,serial_to,description,status
PT-440000,ZX-440A,99000,99002,Component family 0,ACTIVE
PT-440001,ZX-440,99003,99005,Component family 1,ACTIVE
PT-440002,ZX-440,99006,99008,Component family 2,ACTIVE
PT-440003,ZX-440,99009,99011,Component family 3,ACTIVE
PT-440004,ZX-440A,99012,99014,Component family 4,ACTIVE
PT-440005,ZX-440,99015,99017,Component family 5,ACTIVE
PT-440006,ZX-440,99018,99020,Component family 6,ACTIVE
PT-440007,ZX-440,99021,99023,Component family 7,ACTIVE
PT-440008,ZX-440A,99024,99026,Component family 8,ACTIVE
PT-440009,ZX-440,99027,99029,Component family 9,ACTIVE
PT-440010,ZX-440,99030,99032,Component family 10,ACTIVE
PT-440011,ZX-440,99033,99035,Component family 11,ACTIVE
PT-440012,ZX-440A,99036,99038,Component family 12,ACTIVE
PT-440013,ZX-440,99039,99041,Component family 13,ACTIVE
PT-440014,ZX-440,99042,99044,Component family 14,ACTIVE
PT-440015,ZX-440,99045,99047,Component family 15,ACTIVE
PT-440016,ZX-440A,99048,99050,Component family 16,ACTIVE
PT-440017,ZX-440,99051,99053,Component family 17,ACTIVE
PT-440018,ZX-440,99054,99056,Component family 18,ACTIVE
PT-440019,ZX-440,99057,99059,Component family 19,ACTIVE
PT-440020,ZX-440A,99060,99062,Component family 20,ACTIVE
PT-440021,ZX-440,99063,99065,Component family 21,ACTIVE
PT-440022,ZX-440,99066,99068,Component family 22,ACTIVE
PT-440023,ZX-440,99069,99071,Component family 23,ACTIVE
PT-440024,ZX-440A,99072,99074,Component family 24,ACTIVE
PT-440025,ZX-440,99075,99077,Component family 0,ACTIVE
PT-440026,ZX-440,99078,99080,Component family 1,ACTIVE
PT-440027,ZX-440,99081,99083,Component family 2,ACTIVE
PT-440028,ZX-440A,99084,99086,Component family 3,ACTIVE
PT-440029,ZX-440,99087,99089,Component family 4,ACTIVE
PT-440030,ZX-440,99090,99092,Component family 5,ACTIVE
PT-440031,ZX-440,99093,99095,Component family 6,ACTIVE
PT-440032,ZX-440A,99096,99098,Component family 7,ACTIVE
PT-440033,ZX-440,99099,99101,Component family 8,ACTIVE
PT-440034,ZX-440,99102,99104,Component family 9,ACTIVE
PT-440035,ZX-440,99105,99107,Component family 10,ACTIVE
PT-440036,ZX-440A,99108,99110,Component family 11,ACTIVE
PT-440037,ZX-440,99111,99113,Component family 12,ACTIVE
PT-440038,ZX-440,99114,99116,Component family 13,ACTIVE
PT-440039,ZX-440,99117,99119,Component family 14,ACTIVE
PT-440040,ZX-440A,99120,99122,Component family 15,ACTIVE
PT-440041,ZX-440,99123,99125,Component family 16,ACTIVE
PT-440042,ZX-440,99126,99128,Component family 17,ACTIVE
PT-440043,ZX-440,99129,99131,Component family 18,ACTIVE
PT-440044,ZX-440A,99132,99134,Component family 19,ACTIVE
PT-440045,ZX-440,99135,99137,Component family 20,ACTIVE
PT-440046,ZX-440,99138,99140,Component family 21,ACTIVE
PT-440047,ZX-440,99141,99143,Component family 22,ACTIVE
PT-440048,ZX-440A,99144,99146,Component family 23,ACTIVE
PT-440049,ZX-440,99147,99149,Component family 24,ACTIVE
PT-440050,ZX-440,99150,99152,Component family 0,ACTIVE
PT-440051,ZX-440,99153,99155,Component family 1,ACTIVE
PT-440052,ZX-440A,99156,99158,Component family 2,ACTIVE
PT-440053,ZX-440,99159,99161,Component family 3,ACTIVE
PT-440054,ZX-440,99162,99164,Component family 4,ACTIVE
PT-440055,ZX-440,99165,99167,Component family 5,ACTIVE
PT-440056,ZX-440A,99168,99170,Component family 6,ACTIVE
PT-440057,ZX-440,99171,99173,Component family 7,ACTIVE
PT-440058,ZX-440,99174,99176,Component family 8,ACTIVE
PT-440059,ZX-440,99177,99179,Component family 9,ACTIVE
PT-440060,ZX-440A,99180,99182,Component family 10,ACTIVE
PT-440061,ZX-440,99183,99185,Component family 11,ACTIVE
PT-440062,ZX-440,99186,99188,Component family 12,ACTIVE
PT-440063,ZX-440,99189,99191,Component family 13,ACTIVE
PT-440064,ZX-440A,99192,99194,Component family 14,ACTIVE
PT-440065,ZX-440,99195,99197,Component family 15,ACTIVE
PT-440066,ZX-440,99198,99200,Component family 16,ACTIVE
PT-440067,ZX-440,99201,99203,Component family 17,ACTIVE
PT-440068,ZX-440A,99204,99206,Component family 18,ACTIVE
PT-440069,ZX-440,99207,99209,Component family 19,ACTIVE
PT-440070,ZX-440,99210,99212,Component family 20,ACTIVE
PT-440071,ZX-440,99213,99215,Component family 21,ACTIVE
PT-440072,ZX-440A,99216,99218,Component family 22,ACTIVE
PT-440073,ZX-440,99219,99221,Component family 23,ACTIVE
PT-440074,ZX-440,99222,99224,Component family 24,ACTIVE
PT-440075,ZX-440,99225,99227,Component family 0,ACTIVE
PT-440076,ZX-440A,99228,99230,Component family 1,ACTIVE
PT-440077,ZX-440,99231,99233,Component family 2,ACTIVE
PT-440078,ZX-440,99234,99236,Component family 3,ACTIVE
PT-440079,ZX-440,99237,99239,Component family 4,ACTIVE
PT-440080,ZX-440A,99240,99242,Component family 5,ACTIVE
PT-440081,ZX-440,99243,99245,Component family 6,ACTIVE
PT-440082,ZX-440,99246,99248,Component family 7,ACTIVE
PT-440083,ZX-440,99249,99251,Component family 8,ACTIVE
PT-440084,ZX-440A,99252,99254,Component family 9,ACTIVE
PT-440085,ZX-440,99255,99257,Component family 10,ACTIVE
PT-440086,ZX-440,99258,99260,Component family 11,ACTIVE
PT-440087,ZX-440,99261,99263,Component family 12,ACTIVE
PT-440088,ZX-440A,99264,99266,Component family 13,ACTIVE
PT-440089,ZX-440,99267,99269,Component family 14,ACTIVE
PT-440090,ZX-440,99270,99272,Component family 15,ACTIVE
PT-440091,ZX-440,99273,99275,Component family 16,ACTIVE
PT-440092,ZX-440A,99276,99278,Component family 17,ACTIVE
PT-440093,ZX-440,99279,99281,Component family 18,ACTIVE
PT-440094,ZX-440,99282,99284,Component family 19,ACTIVE
PT-440095,ZX-440,99285,99287,Component family 20,ACTIVE
PT-440096,ZX-440A,99288,99290,Component family 21,ACTIVE
PT-440097,ZX-440,99291,99293,Component family 22,ACTIVE
PT-440098,ZX-440,99294,99296,Component family 23,ACTIVE
PT-440099,ZX-440,99297,99299,Component family 24,ACTIVE
PT-440100,ZX-440A,99300,99302,Component family 0,ACTIVE
PT-440101,ZX-440,99303,99305,Component family 1,ACTIVE
PT-440102,ZX-440,99306,99308,Component family 2,ACTIVE
PT-440103,ZX-440,99309,99311,Component family 3,ACTIVE
PT-440104,ZX-440A,99312,99314,Component family 4,ACTIVE
PT-440105,ZX-440,99315,99317,Component family 5,ACTIVE
PT-440106,ZX-440,99318,99320,Component family 6,ACTIVE
PT-440107,ZX-440,99321,99323,Component family 7,ACTIVE
PT-440108,ZX-440A,99324,99326,Component family 8,ACTIVE
PT-440109,ZX-440,99327,99329,Component family 9,ACTIVE
PT-440110,ZX-440,99330,99332,Component family 10,ACTIVE
PT-440111,ZX-440,99333,99335,Component family 11,ACTIVE
PT-440112,ZX-440A,99336,99338,Component family 12,ACTIVE
PT-440113,ZX-440,99339,99341,Component family 13,ACTIVE
PT-440114,ZX-440,99342,99344,Component family 14,ACTIVE
PT-440115,ZX-440,99345,99347,Component family 15,ACTIVE
PT-440116,ZX-440A,99348,99350,Component family 16,ACTIVE
PT-440117,ZX-440,99351,99353,Component family 17,ACTIVE
PT-440118,ZX-440,99354,99356,Component family 18,ACTIVE
PT-440119,ZX-440,99357,99359,Component family 19,ACTIVE
PT-440120,ZX-440A,99360,99362,Component family 20,ACTIVE
PT-440121,ZX-440,99363,99365,Component family 21,ACTIVE
PT-440122,ZX-440,99366,99368,Component family 22,ACTIVE
PT-440123,ZX-440,99369,99371,Component family 23,ACTIVE
PT-440124,ZX-440A,99372,99374,Component family 24,ACTIVE
PT-440125,ZX-440,99375,99377,Component family 0,ACTIVE
PT-440126,ZX-440,99378,99380,Component family 1,ACTIVE
PT-440127,ZX-440,99381,99383,Component family 2,ACTIVE
PT-440128,ZX-440A,99384,99386,Component family 3,ACTIVE
PT-440129,ZX-440,99387,99389,Component family 4,ACTIVE
PT-440130,ZX-440,99390,99392,Component family 5,ACTIVE
PT-440131,ZX-440,99393,99395,Component family 6,ACTIVE
PT-440132,ZX-440A,99396,99398,Component family 7,ACTIVE
PT-440133,ZX-440,99399,99401,Component family 8,ACTIVE
PT-440134,ZX-440,99402,99404,Component family 9,ACTIVE
PT-440135,ZX-440,99405,99407,Component family 10,ACTIVE
PT-440136,ZX-440A,99408,99410,Component family 11,ACTIVE
PT-440137,ZX-440,99411,99413,Component family 12,ACTIVE
PT-440138,ZX-440,99414,99416,Component family 13,ACTIVE
PT-440139,ZX-440,99417,99419,Component family 14,ACTIVE
PT-440140,ZX-440A,99420,99422,Component family 15,ACTIVE
PT-440141,ZX-440,99423,99425,Component family 16,ACTIVE
PT-440142,ZX-440,99426,99428,Component family 17,ACTIVE
PT-440143,ZX-440,99429,99431,Component family 18,ACTIVE
PT-440144,ZX-440A,99432,99434,Component family 19,ACTIVE
PT-440145,ZX-440,99435,99437,Component family 20,ACTIVE
PT-440146,ZX-440,99438,99440,Component family 21,ACTIVE
PT-440147,ZX-440,99441,99443,Component family 22,ACTIVE
PT-440148,ZX-440A,99444,99446,Component family 23,ACTIVE
PT-440149,ZX-440,99447,99449,Component family 24,ACTIVE
PT-440150,ZX-440,99450,99452,Component family 0,ACTIVE
PT-440151,ZX-440,99453,99455,Component family 1,ACTIVE
PT-440152,ZX-440A,99456,99458,Component family 2,ACTIVE
PT-440153,ZX-440,99459,99461,Component family 3,ACTIVE
PT-440154,ZX-440,99462,99464,Component family 4,ACTIVE
PT-440155,ZX-440,99465,99467,Component family 5,ACTIVE
PT-440156,ZX-440A,99468,99470,Component family 6,ACTIVE
PT-440157,ZX-440,99471,99473,Component family 7,ACTIVE
PT-440158,ZX-440,99474,99476,Component family 8,ACTIVE
PT-440159,ZX-440,99477,99479,Component family 9,ACTIVE
PT-440160,ZX-440A,99480,99482,Component family 10,ACTIVE
PT-440161,ZX-440,99483,99485,Component family 11,ACTIVE
PT-440162,ZX-440,99486,99488,Component family 12,ACTIVE
PT-440163,ZX-440,99489,99491,Component family 13,ACTIVE
PT-440164,ZX-440A,99492,99494,Component family 14,ACTIVE
PT-440165,ZX-440,99495,99497,Component family 15,ACTIVE
PT-440166,ZX-440,99498,99500,Component family 16,ACTIVE
PT-440167,ZX-440,99501,99503,Component family 17,ACTIVE
PT-440168,ZX-440A,99504,99506,Component family 18,ACTIVE
PT-440169,ZX-440,99507,99509,Component family 19,ACTIVE
PT-440170,ZX-440,99510,99512,Component family 20,ACTIVE
PT-440171,ZX-440,99513,99515,Component family 21,ACTIVE
PT-440172,ZX-440A,99516,99518,Component family 22,ACTIVE
PT-440173,ZX-440,99519,99521,Component family 23,ACTIVE
PT-440174,ZX-440,99522,99524,Component family 24,ACTIVE
PT-440175,ZX-440,99525,99527,Component family 0,ACTIVE
PT-440176,ZX-440A,99528,99530,Component family 1,ACTIVE
PT-440177,ZX-440,99531,99533,Component family 2,ACTIVE
PT-440178,ZX-440,99534,99536,Component family 3,ACTIVE
PT-440179,ZX-440,99537,99539,Component family 4,ACTIVE
PT-440180,ZX-440A,99540,99542,Component family 5,ACTIVE
PT-440181,ZX-440,99543,99545,Component family 6,ACTIVE
PT-440182,ZX-440,99546,99548,Component family 7,ACTIVE
PT-440183,ZX-440,99549,99551,Component family 8,ACTIVE
PT-440184,ZX-440A,99552,99554,Component family 9,ACTIVE
PT-440185,ZX-440,99555,99557,Component family 10,ACTIVE
PT-440186,ZX-440,99558,99560,Component family 11,ACTIVE
PT-440187,ZX-440,99561,99563,Component family 12,ACTIVE
PT-440188,ZX-440A,99564,99566,Component family 13,ACTIVE
PT-440189,ZX-440,99567,99569,Component family 14,ACTIVE
PT-440190,ZX-440,99570,99572,Component family 15,ACTIVE
PT-440191,ZX-440,99573,99575,Component family 16,ACTIVE
PT-440192,ZX-440A,99576,99578,Component family 17,ACTIVE
PT-440193,ZX-440,99579,99581,Component family 18,ACTIVE
PT-440194,ZX-440,99582,99584,Component family 19,ACTIVE
PT-440195,ZX-440,99585,99587,Component family 20,ACTIVE
PT-440196,ZX-440A,99588,99590,Component family 21,ACTIVE
PT-440197,ZX-440,99591,99593,Component family 22,ACTIVE
PT-440198,ZX-440,99594,99596,Component family 23,ACTIVE
PT-440199,ZX-440,99597,99599,Component family 24,ACTIVE
PT-440200,ZX-440A,99600,99602,Component family 0,ACTIVE
PT-440201,ZX-440,99603,99605,Component family 1,ACTIVE
PT-440202,ZX-440,99606,99608,Component family 2,ACTIVE
PT-440203,ZX-440,99609,99611,Component family 3,ACTIVE
PT-440204,ZX-440A,99612,99614,Component family 4,ACTIVE
PT-440205,ZX-440,99615,99617,Component family 5,ACTIVE
PT-440206,ZX-440,99618,99620,Component family 6,ACTIVE
PT-440207,ZX-440,99621,99623,Component family 7,ACTIVE
PT-440208,ZX-440A,99624,99626,Component family 8,ACTIVE
PT-440209,ZX-440,99627,99629,Component family 9,ACTIVE
PT-440210,ZX-440,99630,99632,Component family 10,ACTIVE
PT-440211,ZX-440,99633,99635,Component family 11,ACTIVE
PT-440212,ZX-440A,99636,99638,Component family 12,ACTIVE
PT-440213,ZX-440,99639,99641,Component family 13,ACTIVE
PT-440214,ZX-440,99642,99644,Component family 14,ACTIVE
PT-440215,ZX-440,99645,99647,Component family 15,ACTIVE
PT-440216,ZX-440A,99648,99650,Component family 16,ACTIVE
PT-440217,ZX-440,99651,99653,Component family 17,ACTIVE
PT-440218,ZX-440,99654,99656,Component family 18,ACTIVE
PT-440219,ZX-440,99657,99659,Component family 19,ACTIVE
PT-440220,ZX-440A,99660,99662,Component family 20,ACTIVE
PT-440221,ZX-440,99663,99665,Component family 21,ACTIVE
PT-440222,ZX-440,99666,99668,Component family 22,ACTIVE
PT-440223,ZX-440,99669,99671,Component family 23,ACTIVE
PT-440224,ZX-440A,99672,99674,Component family 24,ACTIVE
PT-440225,ZX-440,99675,99677,Component family 0,ACTIVE
PT-440226,ZX-440,99678,99680,Component family 1,ACTIVE
PT-440227,ZX-440,99681,99683,Component family 2,ACTIVE
PT-440228,ZX-440A,99684,99686,Component family 3,ACTIVE
PT-440229,ZX-440,99687,99689,Component family 4,ACTIVE
PT-440230,ZX-440,99690,99692,Component family 5,ACTIVE
PT-440231,ZX-440,99693,99695,Component family 6,ACTIVE
PT-440232,ZX-440A,99696,99698,Component family 7,ACTIVE
PT-440233,ZX-440,99699,99701,Component family 8,ACTIVE
PT-440234,ZX-440,99702,99704,Component family 9,ACTIVE
PT-440235,ZX-440,99705,99707,Component family 10,ACTIVE
PT-440236,ZX-440A,99708,99710,Component family 11,ACTIVE
PT-440237,ZX-440,99711,99713,Component family 12,ACTIVE
PT-440238,ZX-440,99714,99716,Component family 13,ACTIVE
PT-440239,ZX-440,99717,99719,Component family 14,ACTIVE
PT-440240,ZX-440A,99720,99722,Component family 15,ACTIVE
PT-440241,ZX-440,99723,99725,Component family 16,ACTIVE
PT-440242,ZX-440,99726,99728,Component family 17,ACTIVE
PT-440243,ZX-440,99729,99731,Component family 18,ACTIVE
PT-440244,ZX-440A,99732,99734,Component family 19,ACTIVE
PT-440245,ZX-440,99735,99737,Component family 20,ACTIVE
PT-440246,ZX-440,99738,99740,Component family 21,ACTIVE
PT-440247,ZX-440,99741,99743,Component family 22,ACTIVE
PT-440248,ZX-440A,99744,99746,Component family 23,ACTIVE
PT-440249,ZX-440,99747,99749,Component family 24,ACTIVE
PT-440250,ZX-440,99750,99752,Component family 0,ACTIVE
PT-440251,ZX-440,99753,99755,Component family 1,ACTIVE
PT-440252,ZX-440A,99756,99758,Component family 2,ACTIVE
PT-440253,ZX-440,99759,99761,Component family 3,ACTIVE
PT-440254,ZX-440,99762,99764,Component family 4,ACTIVE
PT-440255,ZX-440,99765,99767,Component family 5,ACTIVE
PT-440256,ZX-440A,99768,99770,Component family 6,ACTIVE
PT-440257,ZX-440,99771,99773,Component family 7,ACTIVE
PT-440258,ZX-440,99774,99776,Component family 8,ACTIVE
PT-440259,ZX-440,99777,99779,Component family 9,ACTIVE
PT-440260,ZX-440A,99780,99782,Component family 10,ACTIVE
PT-440261,ZX-440,99783,99785,Component family 11,ACTIVE
PT-440262,ZX-440,99786,99788,Component family 12,ACTIVE
PT-440263,ZX-440,99789,99791,Component family 13,ACTIVE
PT-440264,ZX-440A,99792,99794,Component family 14,ACTIVE
PT-440265,ZX-440,99795,99797,Component family 15,ACTIVE
PT-440266,ZX-440,99798,99800,Component family 16,ACTIVE
PT-440267,ZX-440,99801,99803,Component family 17,ACTIVE
PT-440268,ZX-440A,99804,99806,Component family 18,ACTIVE
PT-440269,ZX-440,99807,99809,Component family 19,ACTIVE
PT-440270,ZX-440,99810,99812,Component family 20,ACTIVE
PT-440271,ZX-440,99813,99815,Component family 21,ACTIVE
PT-440272,ZX-440A,99816,99818,Component family 22,ACTIVE
PT-440273,ZX-440,99819,99821,Component family 23,ACTIVE
PT-440274,ZX-440,99822,99824,Component family 24,ACTIVE
PT-440275,ZX-440,99825,99827,Component family 0,ACTIVE
PT-440276,ZX-440A,99828,99830,Component family 1,ACTIVE
PT-440277,ZX-440,99831,99833,Component family 2,ACTIVE
PT-440278,ZX-440,99834,99836,Component family 3,ACTIVE
PT-440279,ZX-440,99837,99839,Component family 4,ACTIVE
PT-440280,ZX-440A,99840,99842,Component family 5,ACTIVE
PT-440281,ZX-440,99843,99845,Component family 6,ACTIVE
PT-440282,ZX-440,99846,99848,Component family 7,ACTIVE
PT-440283,ZX-440,99849,99851,Component family 8,ACTIVE
PT-440284,ZX-440A,99852,99854,Component family 9,ACTIVE
PT-440285,ZX-440,99855,99857,Component family 10,ACTIVE
PT-440286,ZX-440,99858,99860,Component family 11,ACTIVE
PT-440287,ZX-440,99861,99863,Component family 12,ACTIVE
PT-440288,ZX-440A,99864,99866,Component family 13,ACTIVE
PT-440289,ZX-440,99867,99869,Component family 14,ACTIVE
PT-440290,ZX-440,99870,99872,Component family 15,ACTIVE
PT-440291,ZX-440,99873,99875,Component family 16,ACTIVE
PT-440292,ZX-440A,99876,99878,Component family 17,ACTIVE
PT-440293,ZX-440,99879,99881,Component family 18,ACTIVE
PT-440294,ZX-440,99882,99884,Component family 19,ACTIVE
PT-440295,ZX-440,99885,99887,Component family 20,ACTIVE
PT-440296,ZX-440A,99888,99890,Component family 21,ACTIVE
PT-440297,ZX-440,99891,99893,Component family 22,ACTIVE
PT-440298,ZX-440,99894,99896,Component family 23,ACTIVE
PT-440299,ZX-440,99897,99899,Component family 24,ACTIVE
PT-440300,ZX-440A,99900,99902,Component family 0,ACTIVE
PT-440301,ZX-440,99903,99905,Component family 1,ACTIVE
PT-440302,ZX-440,99906,99908,Component family 2,ACTIVE
PT-440303,ZX-440,99909,99911,Component family 3,ACTIVE
PT-440304,ZX-440A,99912,99914,Component family 4,ACTIVE
PT-440305,ZX-440,99915,99917,Component family 5,ACTIVE
PT-440306,ZX-440,99918,99920,Component family 6,ACTIVE
PT-440307,ZX-440,99921,99923,Component family 7,ACTIVE
PT-440308,ZX-440A,99924,99926,Component family 8,ACTIVE
PT-440309,ZX-440,99927,99929,Component family 9,ACTIVE
PT-440310,ZX-440,99930,99932,Component family 10,ACTIVE
PT-440311,ZX-440,99933,99935,Component family 11,ACTIVE
PT-440312,ZX-440A,99936,99938,Component family 12,ACTIVE
PT-440313,ZX-440,99939,99941,Component family 13,ACTIVE
PT-440314,ZX-440,99942,99944,Component family 14,ACTIVE
PT-440315,ZX-440,99945,99947,Component family 15,ACTIVE
PT-440316,ZX-440A,99948,99950,Component family 16,ACTIVE
PT-440317,ZX-440,99951,99953,Component family 17,ACTIVE
PT-440318,ZX-440,99954,99956,Component family 18,ACTIVE
PT-440319,ZX-440,99957,99959,Component family 19,ACTIVE
PT-440320,ZX-440A,99960,99962,Component family 20,ACTIVE
PT-440321,ZX-440,99963,99965,Component family 21,ACTIVE
PT-440322,ZX-440,99966,99968,Component family 22,ACTIVE
PT-440323,ZX-440,99969,99971,Component family 23,ACTIVE
PT-440324,ZX-440A,99972,99974,Component family 24,ACTIVE
PT-440325,ZX-440,99975,99977,Component family 0,ACTIVE
PT-440326,ZX-440,99978,99980,Component family 1,ACTIVE
PT-440327,ZX-440,99981,99983,Component family 2,ACTIVE
PT-440328,ZX-440A,99984,99986,Component family 3,ACTIVE
PT-440329,ZX-440,99987,99989,Component family 4,ACTIVE
PT-440330,ZX-440,99990,99992,Component family 5,ACTIVE
PT-440331,ZX-440,99993,99995,Component family 6,ACTIVE
PT-440332,ZX-440A,99996,99998,Component family 7,ACTIVE
PT-440333,ZX-440,99999,100001,Component family 8,ACTIVE
PT-440334,ZX-440,100002,100004,Component family 9,ACTIVE
PT-440335,ZX-440,100005,100007,Component family 10,ACTIVE
PT-440336,ZX-440A,100008,100010,Component family 11,ACTIVE
PT-440337,ZX-440,100011,100013,Component family 12,ACTIVE
PT-440338,ZX-440,100014,100016,Component family 13,ACTIVE
PT-440339,ZX-440,100017,100019,Component family 14,ACTIVE
PT-440340,ZX-440A,100020,100022,Component family 15,ACTIVE
PT-440341,ZX-440,100023,100025,Component family 16,ACTIVE
PT-440342,ZX-440,100026,100028,Component family 17,ACTIVE
PT-440343,ZX-440,100029,100031,Component family 18,ACTIVE
PT-440344,ZX-440A,100032,100034,Component family 19,ACTIVE
PT-440345,ZX-440,100035,100037,Component family 20,ACTIVE
PT-440346,ZX-440,100038,100040,Component family 21,ACTIVE
PT-440347,ZX-440,100041,100043,Component family 22,ACTIVE
PT-440348,ZX-440A,100044,100046,Component family 23,ACTIVE
PT-440349,ZX-440,100047,100049,Component family 24,ACTIVE
