timestamp,serial,error_code,vibration_mm_s,pressure_bar,temperature_c
2026-10-07T08:00:00,TF-99318,,3.0,8.2,64.0
2026-10-07T08:01:00,TF-99318,,3.0,8.2,64.0
2026-10-07T08:02:00,TF-99318,,3.0,8.2,64.0
2026-10-07T08:03:00,TF-99318,,3.0,8.2,64.0
2026-10-07T08:04:00,TF-99318,,3.0,8.2,64.0
2026-10-07T08:05:00,TF-99318,,3.0,8.2,64.0
2026-10-07T08:06:00,TF-99318,,3.0,8.2,64.0
2026-10-07T08:07:00,TF-99318,,3.0,8.2,64.0
2026-10-07T08:08:00,TF-99318,,3.0,8.2,64.0
2026-10-07T08:09:00,TF-99318,,3.0,8.2,64.0
2026-10-07T08:10:00,TF-99318,,3.0,8.2,64.0
2026-10-07T08:11:00,TF-99318,,3.0,8.2,64.1
2026-10-07T08:12:00,TF-99318,,3.0,8.2,64.1
2026-10-07T08:13:00,TF-99318,,3.0,8.2,64.1
2026-10-07T08:14:00,TF-99318,,3.0,8.2,64.1
2026-10-07T08:15:00,TF-99318,,3.0,8.2,64.1
2026-10-07T08:16:00,TF-99318,,3.0,8.2,64.1
2026-10-07T08:17:00,TF-99318,,3.0,8.2,64.1
2026-10-07T08:18:00,TF-99318,,3.0,8.2,64.1
2026-10-07T08:19:00,TF-99318,,3.0,8.2,64.1
2026-10-07T08:20:00,TF-99318,,3.0,8.2,64.1
2026-10-07T08:21:00,TF-99318,,3.0,8.2,64.1
2026-10-07T08:22:00,TF-99318,,3.0,8.2,64.1
2026-10-07T08:23:00,TF-99318,,3.0,8.2,64.1
2026-10-07T08:24:00,TF-99318,,3.0,8.2,64.1
2026-10-07T08:25:00,TF-99318,,3.0,8.2,64.1
2026-10-07T08:26:00,TF-99318,,3.0,8.2,64.1
2026-10-07T08:27:00,TF-99318,,3.0,8.2,64.1
2026-10-07T08:28:00,TF-99318,,3.0,8.2,64.1
2026-10-07T08:29:00,TF-99318,,3.0,8.2,64.1
2026-10-07T08:30:00,TF-99318,,3.0,8.2,64.2
2026-10-07T08:31:00,TF-99318,,3.0,8.2,64.2
2026-10-07T08:32:00,TF-99318,,3.0,8.2,64.2
2026-10-07T08:33:00,TF-99318,,3.0,8.2,64.2
2026-10-07T08:34:00,TF-99318,,3.0,8.2,64.2
2026-10-07T08:35:00,TF-99318,,3.0,8.2,64.2
2026-10-07T08:36:00,TF-99318,,3.0,8.2,64.2
2026-10-07T08:37:00,TF-99318,,3.0,8.2,64.2
2026-10-07T08:38:00,TF-99318,,3.0,8.2,64.2
2026-10-07T08:39:00,TF-99318,,3.0,8.2,64.2
2026-10-07T08:40:00,TF-99318,,3.0,8.2,64.2
2026-10-07T08:41:00,TF-99318,,3.0,8.2,64.2
2026-10-07T08:42:00,TF-99318,,3.0,8.2,64.2
2026-10-07T08:43:00,TF-99318,,3.0,8.2,64.2
2026-10-07T08:44:00,TF-99318,,3.0,8.2,64.2
2026-10-07T08:45:00,TF-99318,,3.0,8.2,64.2
2026-10-07T08:46:00,TF-99318,,3.0,8.2,64.2
2026-10-07T08:47:00,TF-99318,,3.0,8.2,64.2
2026-10-07T08:48:00,TF-99318,,3.0,8.2,64.2
2026-10-07T08:49:00,TF-99318,,3.0,8.2,64.2
2026-10-07T08:50:00,TF-99318,,3.0,8.2,64.2
2026-10-07T08:51:00,TF-99318,,3.0,8.2,64.3
2026-10-07T08:52:00,TF-99318,,3.0,8.2,64.3
2026-10-07T08:53:00,TF-99318,,3.0,8.2,64.3
2026-10-07T08:54:00,TF-99318,,3.0,8.2,64.3
2026-10-07T08:55:00,TF-99318,,3.0,8.2,64.3
2026-10-07T08:56:00,TF-99318,,3.0,8.2,64.3
2026-10-07T08:57:00,TF-99318,,3.0,8.2,64.3
2026-10-07T08:58:00,TF-99318,,3.0,8.2,64.3
2026-10-07T08:59:00,TF-99318,,3.0,8.2,64.3
2026-10-07T09:00:00,TF-99318,,3.0,8.2,64.3
2026-10-07T09:01:00,TF-99318,,3.0,8.2,64.3
2026-10-07T09:02:00,TF-99318,,3.0,8.2,64.3
2026-10-07T09:03:00,TF-99318,,3.0,8.2,64.3
2026-10-07T09:04:00,TF-99318,,3.0,8.2,64.3
2026-10-07T09:05:00,TF-99318,,3.0,8.2,64.3
2026-10-07T09:06:00,TF-99318,,3.0,8.2,64.3
2026-10-07T09:07:00,TF-99318,,3.0,8.2,64.3
2026-10-07T09:08:00,TF-99318,,3.0,8.2,64.3
2026-10-07T09:09:00,TF-99318,,3.0,8.2,64.3
2026-10-07T09:10:00,TF-99318,,3.0,8.2,64.3
2026-10-07T09:11:00,TF-99318,,3.0,8.2,64.4
2026-10-07T09:12:00,TF-99318,,3.0,8.2,64.4
2026-10-07T09:13:00,TF-99318,,3.0,8.2,64.4
2026-10-07T09:14:00,TF-99318,,3.0,8.2,64.4
2026-10-07T09:15:00,TF-99318,,3.0,8.2,64.4
2026-10-07T09:16:00,TF-99318,,3.0,8.2,64.4
2026-10-07T09:17:00,TF-99318,,3.0,8.2,64.4
2026-10-07T09:18:00,TF-99318,,3.0,8.2,64.4
2026-10-07T09:19:00,TF-99318,,3.0,8.2,64.4
2026-10-07T09:20:00,TF-99318,,3.0,8.2,64.4
2026-10-07T09:21:00,TF-99318,,3.0,8.2,64.4
2026-10-07T09:22:00,TF-99318,,3.0,8.2,64.4
2026-10-07T09:23:00,TF-99318,,3.0,8.2,64.4
2026-10-07T09:24:00,TF-99318,,3.0,8.2,64.4
2026-10-07T09:25:00,TF-99318,,3.0,8.2,64.4
2026-10-07T09:26:00,TF-99318,,3.0,8.2,64.4
2026-10-07T09:27:00,TF-99318,,3.0,8.2,64.4
2026-10-07T09:28:00,TF-99318,,3.0,8.2,64.4
2026-10-07T09:29:00,TF-99318,,3.0,8.2,64.4
2026-10-07T09:30:00,TF-99318,,3.0,8.2,64.5
2026-10-07T09:31:00,TF-99318,,3.0,8.2,64.5
2026-10-07T09:32:00,TF-99318,,3.0,8.2,64.5
2026-10-07T09:33:00,TF-99318,,3.0,8.2,64.5
2026-10-07T09:34:00,TF-99318,,3.0,8.2,64.5
2026-10-07T09:35:00,TF-99318,,3.0,8.2,64.5
2026-10-07T09:36:00,TF-99318,,3.0,8.2,64.5
2026-10-07T09:37:00,TF-99318,,3.0,8.2,64.5
2026-10-07T09:38:00,TF-99318,,3.0,8.2,64.5
2026-10-07T09:39:00,TF-99318,,3.0,8.2,64.5
2026-10-07T09:40:00,TF-99318,,3.0,8.2,64.5
2026-10-07T09:41:00,TF-99318,,3.0,8.2,64.5
2026-10-07T09:42:00,TF-99318,,3.0,8.2,64.5
2026-10-07T09:43:00,TF-99318,,3.0,8.2,64.5
2026-10-07T09:44:00,TF-99318,,3.0,8.2,64.5
2026-10-07T09:45:00,TF-99318,,3.0,8.2,64.5
2026-10-07T09:46:00,TF-99318,,3.0,8.2,64.5
2026-10-07T09:47:00,TF-99318,,3.0,8.2,64.5
2026-10-07T09:48:00,TF-99318,,3.0,8.2,64.5
2026-10-07T09:49:00,TF-99318,,3.0,8.2,64.5
2026-10-07T09:50:00,TF-99318,,3.0,8.2,64.5
2026-10-07T09:51:00,TF-99318,,3.0,8.2,64.6
2026-10-07T09:52:00,TF-99318,,3.0,8.2,64.6
2026-10-07T09:53:00,TF-99318,,3.0,8.2,64.6
2026-10-07T09:54:00,TF-99318,,3.0,8.2,64.6
2026-10-07T09:55:00,TF-99318,,3.0,8.2,64.6
2026-10-07T09:56:00,TF-99318,,3.0,8.2,64.6
2026-10-07T09:57:00,TF-99318,,3.0,8.2,64.6
2026-10-07T09:58:00,TF-99318,,3.0,8.2,64.6
2026-10-07T09:59:00,TF-99318,,3.0,8.2,64.6
2026-10-07T10:00:00,TF-99318,,3.0,8.2,64.6
2026-10-07T10:01:00,TF-99318,E117,3.01,8.2,64.6
2026-10-07T10:02:00,TF-99318,E117,3.02,8.19,64.6
2026-10-07T10:03:00,TF-99318,E117,3.03,8.19,64.6
2026-10-07T10:04:00,TF-99318,E117,3.04,8.19,64.6
2026-10-07T10:05:00,TF-99318,E117,3.05,8.18,64.6
2026-10-07T10:06:00,TF-99318,E117,3.06,8.18,64.6
2026-10-07T10:07:00,TF-99318,E117,3.07,8.18,64.6
2026-10-07T10:08:00,TF-99318,E117,3.08,8.18,64.6
2026-10-07T10:09:00,TF-99318,E117,3.09,8.17,64.6
2026-10-07T10:10:00,TF-99318,E117,3.1,8.17,64.7
2026-10-07T10:11:00,TF-99318,E117,3.11,8.17,64.7
2026-10-07T10:12:00,TF-99318,E117,3.12,8.16,64.7
2026-10-07T10:13:00,TF-99318,E117,3.13,8.16,64.7
2026-10-07T10:14:00,TF-99318,E117,3.14,8.16,64.7
2026-10-07T10:15:00,TF-99318,E117,3.15,8.15,64.7
2026-10-07T10:16:00,TF-99318,E117,3.16,8.15,64.7
2026-10-07T10:17:00,TF-99318,E117,3.17,8.15,64.7
2026-10-07T10:18:00,TF-99318,E117,3.18,8.15,64.7
2026-10-07T10:19:00,TF-99318,E117,3.19,8.14,64.7
2026-10-07T10:20:00,TF-99318,E117,3.2,8.14,64.7
2026-10-07T10:21:00,TF-99318,E117,3.21,8.14,64.7
2026-10-07T10:22:00,TF-99318,E117,3.22,8.13,64.7
2026-10-07T10:23:00,TF-99318,E117,3.23,8.13,64.7
2026-10-07T10:24:00,TF-99318,E117,3.24,8.13,64.7
2026-10-07T10:25:00,TF-99318,E117,3.25,8.12,64.7
2026-10-07T10:26:00,TF-99318,E117,3.26,8.12,64.7
2026-10-07T10:27:00,TF-99318,E117,3.27,8.12,64.7
2026-10-07T10:28:00,TF-99318,E117,3.28,8.12,64.7
2026-10-07T10:29:00,TF-99318,E117,3.29,8.11,64.7
2026-10-07T10:30:00,TF-99318,E117,3.3,8.11,64.8
2026-10-07T10:31:00,TF-99318,E117,3.31,8.11,64.8
2026-10-07T10:32:00,TF-99318,E117,3.32,8.1,64.8
2026-10-07T10:33:00,TF-99318,E117,3.33,8.1,64.8
2026-10-07T10:34:00,TF-99318,E117,3.34,8.1,64.8
2026-10-07T10:35:00,TF-99318,E117,3.35,8.09,64.8
2026-10-07T10:36:00,TF-99318,E117,3.36,8.09,64.8
2026-10-07T10:37:00,TF-99318,E117,3.37,8.09,64.8
2026-10-07T10:38:00,TF-99318,E117,3.38,8.09,64.8
2026-10-07T10:39:00,TF-99318,E117,3.39,8.08,64.8
2026-10-07T10:40:00,TF-99318,E117,3.4,8.08,64.8
2026-10-07T10:41:00,TF-99318,E117,3.41,8.08,64.8
2026-10-07T10:42:00,TF-99318,E117,3.42,8.07,64.8
2026-10-07T10:43:00,TF-99318,E117,3.43,8.07,64.8
2026-10-07T10:44:00,TF-99318,E117,3.44,8.07,64.8
2026-10-07T10:45:00,TF-99318,E117,3.45,8.06,64.8
2026-10-07T10:46:00,TF-99318,E117,3.46,8.06,64.8
2026-10-07T10:47:00,TF-99318,E117,3.47,8.06,64.8
2026-10-07T10:48:00,TF-99318,E117,3.48,8.06,64.8
2026-10-07T10:49:00,TF-99318,E117,3.49,8.05,64.8
2026-10-07T10:50:00,TF-99318,E117,3.5,8.05,64.8
2026-10-07T10:51:00,TF-99318,E117,3.51,8.05,64.9
2026-10-07T10:52:00,TF-99318,E117,3.52,8.04,64.9
2026-10-07T10:53:00,TF-99318,E117,3.53,8.04,64.9
2026-10-07T10:54:00,TF-99318,E117,3.54,8.04,64.9
2026-10-07T10:55:00,TF-99318,E117,3.55,8.04,64.9
2026-10-07T10:56:00,TF-99318,E117,3.56,8.03,64.9
2026-10-07T10:57:00,TF-99318,E117,3.57,8.03,64.9
2026-10-07T10:58:00,TF-99318,E117,3.58,8.03,64.9
2026-10-07T10:59:00,TF-99318,E117,3.59,8.02,64.9
2026-10-07T11:00:00,TF-99318,E117,3.6,8.02,64.9
2026-10-07T11:01:00,TF-99318,E117,3.61,8.02,64.9
2026-10-07T11:02:00,TF-99318,E117,3.62,8.01,64.9
2026-10-07T11:03:00,TF-99318,E117,3.63,8.01,64.9
2026-10-07T11:04:00,TF-99318,E117,3.64,8.01,64.9
2026-10-07T11:05:00,TF-99318,E117,3.65,8.0,64.9
2026-10-07T11:06:00,TF-99318,E117,3.66,8.0,64.9
2026-10-07T11:07:00,TF-99318,E117,3.67,8.0,64.9
2026-10-07T11:08:00,TF-99318,E117,3.68,8.0,64.9
2026-10-07T11:09:00,TF-99318,E117,3.69,7.99,64.9
2026-10-07T11:10:00,TF-99318,E117,3.7,7.99,65.0
2026-10-07T11:11:00,TF-99318,E117,3.71,7.99,65.0
2026-10-07T11:12:00,TF-99318,E117,3.72,7.98,65.0
2026-10-07T11:13:00,TF-99318,E117,3.73,7.98,65.0
2026-10-07T11:14:00,TF-99318,E117,3.74,7.98,65.0
2026-10-07T11:15:00,TF-99318,E117,3.75,7.97,65.0
2026-10-07T11:16:00,TF-99318,E117,3.76,7.97,65.0
2026-10-07T11:17:00,TF-99318,E117,3.77,7.97,65.0
2026-10-07T11:18:00,TF-99318,E117,3.78,7.97,65.0
2026-10-07T11:19:00,TF-99318,E117,3.79,7.96,65.0
2026-10-07T11:20:00,TF-99318,E117,3.8,7.96,65.0
2026-10-07T11:21:00,TF-99318,E117,3.81,7.96,65.0
2026-10-07T11:22:00,TF-99318,E117,3.82,7.95,65.0
2026-10-07T11:23:00,TF-99318,E117,3.83,7.95,65.0
2026-10-07T11:24:00,TF-99318,E117,3.84,7.95,65.0
2026-10-07T11:25:00,TF-99318,E117,3.85,7.94,65.0
2026-10-07T11:26:00,TF-99318,E117,3.86,7.94,65.0
2026-10-07T11:27:00,TF-99318,E117,3.87,7.94,65.0
2026-10-07T11:28:00,TF-99318,E117,3.88,7.94,65.0
2026-10-07T11:29:00,TF-99318,E117,3.89,7.93,65.0
2026-10-07T11:30:00,TF-99318,E117,3.9,7.93,65.0
2026-10-07T11:31:00,TF-99318,E117,3.91,7.93,65.1
2026-10-07T11:32:00,TF-99318,E117,3.92,7.92,65.1
2026-10-07T11:33:00,TF-99318,E117,3.93,7.92,65.1
2026-10-07T11:34:00,TF-99318,E117,3.94,7.92,65.1
2026-10-07T11:35:00,TF-99318,E117,3.95,7.91,65.1
2026-10-07T11:36:00,TF-99318,E117,3.96,7.91,65.1
2026-10-07T11:37:00,TF-99318,E117,3.97,7.91,65.1
2026-10-07T11:38:00,TF-99318,E117,3.98,7.91,65.1
2026-10-07T11:39:00,TF-99318,E117,3.99,7.9,65.1
2026-10-07T11:40:00,TF-99318,E117,4.0,7.9,65.1
2026-10-07T11:41:00,TF-99318,E117,4.01,7.9,65.1
2026-10-07T11:42:00,TF-99318,E117,4.02,7.89,65.1
2026-10-07T11:43:00,TF-99318,E117,4.03,7.89,65.1
2026-10-07T11:44:00,TF-99318,E117,4.04,7.89,65.1
2026-10-07T11:45:00,TF-99318,E117,4.05,7.88,65.1
2026-10-07T11:46:00,TF-99318,E117,4.06,7.88,65.1
2026-10-07T11:47:00,TF-99318,E117,4.07,7.88,65.1
2026-10-07T11:48:00,TF-99318,E117,4.08,7.88,65.1
2026-10-07T11:49:00,TF-99318,E117,4.09,7.87,65.1
2026-10-07T11:50:00,TF-99318,E117,4.1,7.87,65.2
2026-10-07T11:51:00,TF-99318,E117,4.11,7.87,65.2
2026-10-07T11:52:00,TF-99318,E117,4.12,7.86,65.2
2026-10-07T11:53:00,TF-99318,E117,4.13,7.86,65.2
2026-10-07T11:54:00,TF-99318,E117,4.14,7.86,65.2
2026-10-07T11:55:00,TF-99318,E117,4.15,7.85,65.2
2026-10-07T11:56:00,TF-99318,E117,4.16,7.85,65.2
2026-10-07T11:57:00,TF-99318,E117,4.17,7.85,65.2
2026-10-07T11:58:00,TF-99318,E117,4.18,7.85,65.2
2026-10-07T11:59:00,TF-99318,E117,4.19,7.84,65.2
2026-10-07T12:00:00,TF-99318,E117,4.2,7.84,65.2
2026-10-07T12:01:00,TF-99318,E117,4.21,7.84,65.2
2026-10-07T12:02:00,TF-99318,E117,4.22,7.83,65.2
2026-10-07T12:03:00,TF-99318,E117,4.23,7.83,65.2
2026-10-07T12:04:00,TF-99318,E117,4.24,7.83,65.2
2026-10-07T12:05:00,TF-99318,E117,4.25,7.82,65.2
2026-10-07T12:06:00,TF-99318,E117,4.26,7.82,65.2
2026-10-07T12:07:00,TF-99318,E117,4.27,7.82,65.2
2026-10-07T12:08:00,TF-99318,E117,4.28,7.82,65.2
2026-10-07T12:09:00,TF-99318,E117,4.29,7.81,65.2
2026-10-07T12:10:00,TF-99318,E117,4.3,7.81,65.2
2026-10-07T12:11:00,TF-99318,E117,4.31,7.81,65.3
2026-10-07T12:12:00,TF-99318,E117,4.32,7.8,65.3
2026-10-07T12:13:00,TF-99318,E117,4.33,7.8,65.3
2026-10-07T12:14:00,TF-99318,E117,4.34,7.8,65.3
2026-10-07T12:15:00,TF-99318,E117,4.35,7.79,65.3
2026-10-07T12:16:00,TF-99318,E117,4.36,7.79,65.3
2026-10-07T12:17:00,TF-99318,E117,4.37,7.79,65.3
2026-10-07T12:18:00,TF-99318,E117,4.38,7.79,65.3
2026-10-07T12:19:00,TF-99318,E117,4.39,7.78,65.3
2026-10-07T12:20:00,TF-99318,E117,4.4,7.78,65.3
2026-10-07T12:21:00,TF-99318,E117,4.41,7.78,65.3
2026-10-07T12:22:00,TF-99318,E117,4.42,7.77,65.3
2026-10-07T12:23:00,TF-99318,E117,4.43,7.77,65.3
2026-10-07T12:24:00,TF-99318,E117,4.44,7.77,65.3
2026-10-07T12:25:00,TF-99318,E117,4.45,7.76,65.3
2026-10-07T12:26:00,TF-99318,E117,4.46,7.76,65.3
2026-10-07T12:27:00,TF-99318,E117,4.47,7.76,65.3
2026-10-07T12:28:00,TF-99318,E117,4.48,7.76,65.3
2026-10-07T12:29:00,TF-99318,E117,4.49,7.75,65.3
2026-10-07T12:30:00,TF-99318,E117,4.5,7.75,65.3
2026-10-07T12:31:00,TF-99318,E117,4.51,7.75,65.4
2026-10-07T12:32:00,TF-99318,E117,4.52,7.74,65.4
2026-10-07T12:33:00,TF-99318,E117,4.53,7.74,65.4
2026-10-07T12:34:00,TF-99318,E117,4.54,7.74,65.4
2026-10-07T12:35:00,TF-99318,E117,4.55,7.73,65.4
2026-10-07T12:36:00,TF-99318,E117,4.56,7.73,65.4
2026-10-07T12:37:00,TF-99318,E117,4.57,7.73,65.4
2026-10-07T12:38:00,TF-99318,E117,4.58,7.73,65.4
2026-10-07T12:39:00,TF-99318,E117,4.59,7.72,65.4
2026-10-07T12:40:00,TF-99318,E117,4.6,7.72,65.4
2026-10-07T12:41:00,TF-99318,E117,4.61,7.72,65.4
2026-10-07T12:42:00,TF-99318,E117,4.62,7.71,65.4
2026-10-07T12:43:00,TF-99318,E117,4.63,7.71,65.4
2026-10-07T12:44:00,TF-99318,E117,4.64,7.71,65.4
2026-10-07T12:45:00,TF-99318,E117,4.65,7.7,65.4
2026-10-07T12:46:00,TF-99318,E117,4.66,7.7,65.4
2026-10-07T12:47:00,TF-99318,E117,4.67,7.7,65.4
2026-10-07T12:48:00,TF-99318,E117,4.68,7.7,65.4
2026-10-07T12:49:00,TF-99318,E117,4.69,7.69,65.4
2026-10-07T12:50:00,TF-99318,E117,4.7,7.69,65.5
2026-10-07T12:51:00,TF-99318,E117,4.71,7.69,65.5
2026-10-07T12:52:00,TF-99318,E117,4.72,7.68,65.5
2026-10-07T12:53:00,TF-99318,E117,4.73,7.68,65.5
2026-10-07T12:54:00,TF-99318,E117,4.74,7.68,65.5
2026-10-07T12:55:00,TF-99318,E117,4.75,7.67,65.5
2026-10-07T12:56:00,TF-99318,E117,4.76,7.67,65.5
2026-10-07T12:57:00,TF-99318,E117,4.77,7.67,65.5
2026-10-07T12:58:00,TF-99318,E117,4.78,7.67,65.5
2026-10-07T12:59:00,TF-99318,E117,4.79,7.66,65.5
2026-10-07T13:00:00,TF-99318,E117,4.8,7.66,65.5
2026-10-07T13:01:00,TF-99318,E117,4.81,7.66,65.5
2026-10-07T13:02:00,TF-99318,E117,4.82,7.65,65.5
2026-10-07T13:03:00,TF-99318,E117,4.83,7.65,65.5
2026-10-07T13:04:00,TF-99318,E117,4.84,7.65,65.5
2026-10-07T13:05:00,TF-99318,E117,4.85,7.64,65.5
2026-10-07T13:06:00,TF-99318,E117,4.86,7.64,65.5
2026-10-07T13:07:00,TF-99318,E117,4.87,7.64,65.5
2026-10-07T13:08:00,TF-99318,E117,4.88,7.64,65.5
2026-10-07T13:09:00,TF-99318,E117,4.89,7.63,65.5
2026-10-07T13:10:00,TF-99318,E117,4.9,7.63,65.5
2026-10-07T13:11:00,TF-99318,E117,4.91,7.63,65.6
2026-10-07T13:12:00,TF-99318,E117,4.92,7.62,65.6
2026-10-07T13:13:00,TF-99318,E117,4.93,7.62,65.6
2026-10-07T13:14:00,TF-99318,E117,4.94,7.62,65.6
2026-10-07T13:15:00,TF-99318,E117,4.95,7.61,65.6
2026-10-07T13:16:00,TF-99318,E117,4.96,7.61,65.6
2026-10-07T13:17:00,TF-99318,E117,4.97,7.61,65.6
2026-10-07T13:18:00,TF-99318,E117,4.98,7.61,65.6
2026-10-07T13:19:00,TF-99318,E117,4.99,7.6,65.6
2026-10-07T13:20:00,TF-99318,E117,5.0,7.6,65.6
2026-10-07T13:21:00,TF-99318,E117,5.01,7.6,65.6
2026-10-07T13:22:00,TF-99318,E117,5.02,7.59,65.6
2026-10-07T13:23:00,TF-99318,E117,5.03,7.59,65.6
2026-10-07T13:24:00,TF-99318,E117,5.04,7.59,65.6
2026-10-07T13:25:00,TF-99318,E117,5.05,7.58,65.6
2026-10-07T13:26:00,TF-99318,E117,5.06,7.58,65.6
2026-10-07T13:27:00,TF-99318,E117,5.07,7.58,65.6
2026-10-07T13:28:00,TF-99318,E117,5.08,7.58,65.6
2026-10-07T13:29:00,TF-99318,E117,5.09,7.57,65.6
2026-10-07T13:30:00,TF-99318,E117,5.1,7.57,65.7
2026-10-07T13:31:00,TF-99318,E117,5.11,7.57,65.7
2026-10-07T13:32:00,TF-99318,E117,5.12,7.56,65.7
2026-10-07T13:33:00,TF-99318,E117,5.13,7.56,65.7
2026-10-07T13:34:00,TF-99318,E117,5.14,7.56,65.7
2026-10-07T13:35:00,TF-99318,E117,5.15,7.55,65.7
2026-10-07T13:36:00,TF-99318,E117,5.16,7.55,65.7
2026-10-07T13:37:00,TF-99318,E117,5.17,7.55,65.7
2026-10-07T13:38:00,TF-99318,E117,5.18,7.55,65.7
2026-10-07T13:39:00,TF-99318,E117,5.19,7.54,65.7
2026-10-07T13:40:00,TF-99318,E117,5.2,7.54,65.7
2026-10-07T13:41:00,TF-99318,E117,5.21,7.54,65.7
2026-10-07T13:42:00,TF-99318,E117,5.22,7.53,65.7
2026-10-07T13:43:00,TF-99318,E117,5.23,7.53,65.7
2026-10-07T13:44:00,TF-99318,E117,5.24,7.53,65.7
2026-10-07T13:45:00,TF-99318,E117,5.25,7.52,65.7
2026-10-07T13:46:00,TF-99318,E117,5.26,7.52,65.7
2026-10-07T13:47:00,TF-99318,E117,5.27,7.52,65.7
2026-10-07T13:48:00,TF-99318,E117,5.28,7.52,65.7
2026-10-07T13:49:00,TF-99318,E117,5.29,7.51,65.7
2026-10-07T13:50:00,TF-99318,E117,5.3,7.51,65.8
2026-10-07T13:51:00,TF-99318,E117,5.31,7.51,65.8
2026-10-07T13:52:00,TF-99318,E117,5.32,7.5,65.8
2026-10-07T13:53:00,TF-99318,E117,5.33,7.5,65.8
2026-10-07T13:54:00,TF-99318,E117,5.34,7.5,65.8
2026-10-07T13:55:00,TF-99318,E117,5.35,7.49,65.8
2026-10-07T13:56:00,TF-99318,E117,5.36,7.49,65.8
2026-10-07T13:57:00,TF-99318,E117,5.37,7.49,65.8
2026-10-07T13:58:00,TF-99318,E117,5.38,7.49,65.8
2026-10-07T13:59:00,TF-99318,E117,5.39,7.48,65.8
2026-10-07T14:00:00,TF-99318,E117,5.4,7.48,65.8
2026-10-07T14:01:00,TF-99318,E117,5.41,7.48,65.8
2026-10-07T14:02:00,TF-99318,E117,5.42,7.47,65.8
2026-10-07T14:03:00,TF-99318,E117,5.43,7.47,65.8
2026-10-07T14:04:00,TF-99318,E117,5.44,7.47,65.8
2026-10-07T14:05:00,TF-99318,E117,5.45,7.46,65.8
2026-10-07T14:06:00,TF-99318,E117,5.46,7.46,65.8
2026-10-07T14:07:00,TF-99318,E117,5.47,7.46,65.8
2026-10-07T14:08:00,TF-99318,E117,5.48,7.46,65.8
2026-10-07T14:09:00,TF-99318,E117,5.49,7.45,65.8
2026-10-07T14:10:00,TF-99318,E117,5.5,7.45,65.8
2026-10-07T14:11:00,TF-99318,E117,5.51,7.45,65.9
2026-10-07T14:12:00,TF-99318,E117,5.52,7.44,65.9
2026-10-07T14:13:00,TF-99318,E117,5.53,7.44,65.9
2026-10-07T14:14:00,TF-99318,E117,5.54,7.44,65.9
2026-10-07T14:15:00,TF-99318,E117,5.55,7.43,65.9
2026-10-07T14:16:00,TF-99318,E117,5.56,7.43,65.9
2026-10-07T14:17:00,TF-99318,E117,5.57,7.43,65.9
2026-10-07T14:18:00,TF-99318,E117,5.58,7.43,65.9
2026-10-07T14:19:00,TF-99318,E117,5.59,7.42,65.9
2026-10-07T14:20:00,TF-99318,E117,5.6,7.42,65.9
2026-10-07T14:21:00,TF-99318,E117,5.61,7.42,65.9
2026-10-07T14:22:00,TF-99318,E117,5.62,7.41,65.9
2026-10-07T14:23:00,TF-99318,E117,5.63,7.41,65.9
2026-10-07T14:24:00,TF-99318,E117,5.64,7.41,65.9
2026-10-07T14:25:00,TF-99318,E117,5.65,7.4,65.9
2026-10-07T14:26:00,TF-99318,E117,5.66,7.4,65.9
2026-10-07T14:27:00,TF-99318,E117,5.67,7.4,65.9
2026-10-07T14:28:00,TF-99318,E117,5.68,7.4,65.9
2026-10-07T14:29:00,TF-99318,E117,5.69,7.39,65.9
2026-10-07T14:30:00,TF-99318,E117,5.7,7.39,66.0
2026-10-07T14:31:00,TF-99318,E117,5.71,7.39,66.0
2026-10-07T14:32:00,TF-99318,E117,5.72,7.38,66.0
2026-10-07T14:33:00,TF-99318,E117,5.73,7.38,66.0
2026-10-07T14:34:00,TF-99318,E117,5.74,7.38,66.0
2026-10-07T14:35:00,TF-99318,E117,5.75,7.37,66.0
2026-10-07T14:36:00,TF-99318,E117,5.76,7.37,66.0
2026-10-07T14:37:00,TF-99318,E117,5.77,7.37,66.0
2026-10-07T14:38:00,TF-99318,E117,5.78,7.37,66.0
2026-10-07T14:39:00,TF-99318,E117,5.79,7.36,66.0
2026-10-07T14:40:00,TF-99318,E117,5.8,7.36,66.0
2026-10-07T14:41:00,TF-99318,E117,5.81,7.36,66.0
2026-10-07T14:42:00,TF-99318,E117,5.82,7.35,66.0
2026-10-07T14:43:00,TF-99318,E117,5.83,7.35,66.0
2026-10-07T14:44:00,TF-99318,E117,5.84,7.35,66.0
2026-10-07T14:45:00,TF-99318,E117,5.85,7.34,66.0
2026-10-07T14:46:00,TF-99318,E117,5.86,7.34,66.0
2026-10-07T14:47:00,TF-99318,E117,5.87,7.34,66.0
2026-10-07T14:48:00,TF-99318,E117,5.88,7.34,66.0
2026-10-07T14:49:00,TF-99318,E117,5.89,7.33,66.0
2026-10-07T14:50:00,TF-99318,E117,5.9,7.33,66.0
2026-10-07T14:51:00,TF-99318,E117,5.91,7.33,66.1
2026-10-07T14:52:00,TF-99318,E117,5.92,7.32,66.1
2026-10-07T14:53:00,TF-99318,E117,5.93,7.32,66.1
2026-10-07T14:54:00,TF-99318,E117,5.94,7.32,66.1
2026-10-07T14:55:00,TF-99318,E117,5.95,7.31,66.1
2026-10-07T14:56:00,TF-99318,E117,5.96,7.31,66.1
2026-10-07T14:57:00,TF-99318,E117,5.97,7.31,66.1
2026-10-07T14:58:00,TF-99318,E117,5.98,7.31,66.1
2026-10-07T14:59:00,TF-99318,E117,5.99,7.3,66.1
2026-10-07T15:00:00,TF-99318,E117,6.0,7.3,66.1
2026-10-07T15:01:00,TF-99318,E117,6.01,7.3,66.1
2026-10-07T15:02:00,TF-99318,E117,6.02,7.29,66.1
2026-10-07T15:03:00,TF-99318,E117,6.03,7.29,66.1
2026-10-07T15:04:00,TF-99318,E117,6.04,7.29,66.1
2026-10-07T15:05:00,TF-99318,E117,6.05,7.28,66.1
2026-10-07T15:06:00,TF-99318,E117,6.06,7.28,66.1
2026-10-07T15:07:00,TF-99318,E117,6.07,7.28,66.1
2026-10-07T15:08:00,TF-99318,E117,6.08,7.28,66.1
2026-10-07T15:09:00,TF-99318,E117,6.09,7.27,66.1
2026-10-07T15:10:00,TF-99318,E117,6.1,7.27,66.2
2026-10-07T15:11:00,TF-99318,E117,6.11,7.27,66.2
2026-10-07T15:12:00,TF-99318,E117,6.12,7.26,66.2
2026-10-07T15:13:00,TF-99318,E117,6.13,7.26,66.2
2026-10-07T15:14:00,TF-99318,E117,6.14,7.26,66.2
2026-10-07T15:15:00,TF-99318,E117,6.15,7.25,66.2
2026-10-07T15:16:00,TF-99318,E117,6.16,7.25,66.2
2026-10-07T15:17:00,TF-99318,E117,6.17,7.25,66.2
2026-10-07T15:18:00,TF-99318,E117,6.18,7.25,66.2
2026-10-07T15:19:00,TF-99318,E117,6.19,7.24,66.2
2026-10-07T15:20:00,TF-99318,E117,6.2,7.24,66.2
2026-10-07T15:21:00,TF-99318,E117,6.21,7.24,66.2
2026-10-07T15:22:00,TF-99318,E117,6.22,7.23,66.2
2026-10-07T15:23:00,TF-99318,E117,6.23,7.23,66.2
2026-10-07T15:24:00,TF-99318,E117,6.24,7.23,66.2
2026-10-07T15:25:00,TF-99318,E117,6.25,7.22,66.2
2026-10-07T15:26:00,TF-99318,E117,6.26,7.22,66.2
2026-10-07T15:27:00,TF-99318,E117,6.27,7.22,66.2
2026-10-07T15:28:00,TF-99318,E117,6.28,7.22,66.2
2026-10-07T15:29:00,TF-99318,E117,6.29,7.21,66.2
2026-10-07T15:30:00,TF-99318,E117,6.3,7.21,66.2
2026-10-07T15:31:00,TF-99318,E117,6.31,7.21,66.3
2026-10-07T15:32:00,TF-99318,E117,6.32,7.2,66.3
2026-10-07T15:33:00,TF-99318,E117,6.33,7.2,66.3
2026-10-07T15:34:00,TF-99318,E117,6.34,7.2,66.3
2026-10-07T15:35:00,TF-99318,E117,6.35,7.19,66.3
2026-10-07T15:36:00,TF-99318,E117,6.36,7.19,66.3
2026-10-07T15:37:00,TF-99318,E117,6.37,7.19,66.3
2026-10-07T15:38:00,TF-99318,E117,6.38,7.19,66.3
2026-10-07T15:39:00,TF-99318,E117,6.39,7.18,66.3
2026-10-07T15:40:00,TF-99318,E117,6.4,7.18,66.3
2026-10-07T15:41:00,TF-99318,E117,6.41,7.18,66.3
2026-10-07T15:42:00,TF-99318,E117,6.42,7.17,66.3
2026-10-07T15:43:00,TF-99318,E117,6.43,7.17,66.3
2026-10-07T15:44:00,TF-99318,E117,6.44,7.17,66.3
2026-10-07T15:45:00,TF-99318,E117,6.45,7.16,66.3
2026-10-07T15:46:00,TF-99318,E117,6.46,7.16,66.3
2026-10-07T15:47:00,TF-99318,E117,6.47,7.16,66.3
2026-10-07T15:48:00,TF-99318,E117,6.48,7.16,66.3
2026-10-07T15:49:00,TF-99318,E117,6.49,7.15,66.3
2026-10-07T15:50:00,TF-99318,E117,6.5,7.15,66.3
2026-10-07T15:51:00,TF-99318,E117,6.51,7.15,66.4
2026-10-07T15:52:00,TF-99318,E117,6.52,7.14,66.4
2026-10-07T15:53:00,TF-99318,E117,6.53,7.14,66.4
2026-10-07T15:54:00,TF-99318,E117,6.54,7.14,66.4
2026-10-07T15:55:00,TF-99318,E117,6.55,7.13,66.4
2026-10-07T15:56:00,TF-99318,E117,6.56,7.13,66.4
2026-10-07T15:57:00,TF-99318,E117,6.57,7.13,66.4
2026-10-07T15:58:00,TF-99318,E117,6.58,7.13,66.4
2026-10-07T15:59:00,TF-99318,E117,6.59,7.12,66.4
2026-10-07T16:00:00,TF-99318,E117,6.6,7.12,66.4
2026-10-07T16:01:00,TF-99318,E117,6.61,7.12,66.4
2026-10-07T16:02:00,TF-99318,E117,6.62,7.11,66.4
2026-10-07T16:03:00,TF-99318,E117,6.63,7.11,66.4
2026-10-07T16:04:00,TF-99318,E117,6.64,7.11,66.4
2026-10-07T16:05:00,TF-99318,E117,6.65,7.1,66.4
2026-10-07T16:06:00,TF-99318,E117,6.66,7.1,66.4
2026-10-07T16:07:00,TF-99318,E117,6.67,7.1,66.4
2026-10-07T16:08:00,TF-99318,E117,6.68,7.1,66.4
2026-10-07T16:09:00,TF-99318,E117,6.69,7.09,66.4
2026-10-07T16:10:00,TF-99318,E117,6.7,7.09,66.5
2026-10-07T16:11:00,TF-99318,E117,6.71,7.09,66.5
2026-10-07T16:12:00,TF-99318,E117,6.72,7.08,66.5
2026-10-07T16:13:00,TF-99318,E117,6.73,7.08,66.5
2026-10-07T16:14:00,TF-99318,E117,6.74,7.08,66.5
2026-10-07T16:15:00,TF-99318,E117,6.75,7.07,66.5
2026-10-07T16:16:00,TF-99318,E117,6.76,7.07,66.5
2026-10-07T16:17:00,TF-99318,E117,6.77,7.07,66.5
2026-10-07T16:18:00,TF-99318,E117,6.78,7.07,66.5
2026-10-07T16:19:00,TF-99318,E117,6.79,7.06,66.5
2026-10-07T16:20:00,TF-99318,E117,6.8,7.06,66.5
2026-10-07T16:21:00,TF-99318,E117,6.81,7.06,66.5
2026-10-07T16:22:00,TF-99318,E117,6.82,7.05,66.5
2026-10-07T16:23:00,TF-99318,E117,6.83,7.05,66.5
2026-10-07T16:24:00,TF-99318,E117,6.84,7.05,66.5
2026-10-07T16:25:00,TF-99318,E117,6.85,7.04,66.5
2026-10-07T16:26:00,TF-99318,E117,6.86,7.04,66.5
2026-10-07T16:27:00,TF-99318,E117,6.87,7.04,66.5
2026-10-07T16:28:00,TF-99318,E117,6.88,7.04,66.5
2026-10-07T16:29:00,TF-99318,E117,6.89,7.03,66.5
2026-10-07T16:30:00,TF-99318,E117,6.9,7.03,66.5
2026-10-07T16:31:00,TF-99318,E117,6.91,7.03,66.6
2026-10-07T16:32:00,TF-99318,E117,6.92,7.02,66.6
2026-10-07T16:33:00,TF-99318,E117,6.93,7.02,66.6
2026-10-07T16:34:00,TF-99318,E117,6.94,7.02,66.6
2026-10-07T16:35:00,TF-99318,E117,6.95,7.01,66.6
2026-10-07T16:36:00,TF-99318,E117,6.96,7.01,66.6
2026-10-07T16:37:00,TF-99318,E117,6.97,7.01,66.6
2026-10-07T16:38:00,TF-99318,E117,6.98,7.01,66.6
2026-10-07T16:39:00,TF-99318,E117,6.99,7.0,66.6
2026-10-07T16:40:00,TF-99318,E117,7.0,7.0,66.6
2026-10-07T16:41:00,TF-99318,E117,7.01,7.0,66.6
2026-10-07T16:42:00,TF-99318,E117,7.02,6.99,66.6
2026-10-07T16:43:00,TF-99318,E117,7.03,6.99,66.6
2026-10-07T16:44:00,TF-99318,E117,7.04,6.99,66.6
2026-10-07T16:45:00,TF-99318,E117,7.05,6.98,66.6
2026-10-07T16:46:00,TF-99318,E117,7.06,6.98,66.6
2026-10-07T16:47:00,TF-99318,E117,7.07,6.98,66.6
2026-10-07T16:48:00,TF-99318,E117,7.08,6.98,66.6
2026-10-07T16:49:00,TF-99318,E117,7.09,6.97,66.6
2026-10-07T16:50:00,TF-99318,E117,7.1,6.97,66.7
2026-10-07T16:51:00,TF-99318,E117,7.11,6.97,66.7
2026-10-07T16:52:00,TF-99318,E117,7.12,6.96,66.7
2026-10-07T16:53:00,TF-99318,E117,7.13,6.96,66.7
2026-10-07T16:54:00,TF-99318,E117,7.14,6.96,66.7
2026-10-07T16:55:00,TF-99318,E117,7.15,6.95,66.7
2026-10-07T16:56:00,TF-99318,E117,7.16,6.95,66.7
2026-10-07T16:57:00,TF-99318,E117,7.17,6.95,66.7
2026-10-07T16:58:00,TF-99318,E117,7.18,6.95,66.7
2026-10-07T16:59:00,TF-99318,E117,7.19,6.94,66.7
2026-10-07T17:00:00,TF-99318,E117,7.2,6.94,66.7
2026-10-07T17:01:00,TF-99318,E117,7.21,6.94,66.7
2026-10-07T17:02:00,TF-99318,E117,7.22,6.93,66.7
2026-10-07T17:03:00,TF-99318,E117,7.23,6.93,66.7
2026-10-07T17:04:00,TF-99318,E117,7.24,6.93,66.7
2026-10-07T17:05:00,TF-99318,E117,7.25,6.92,66.7
2026-10-07T17:06:00,TF-99318,E117,7.26,6.92,66.7
2026-10-07T17:07:00,TF-99318,E117,7.27,6.92,66.7
2026-10-07T17:08:00,TF-99318,E117,7.28,6.92,66.7
2026-10-07T17:09:00,TF-99318,E117,7.29,6.91,66.7
2026-10-07T17:10:00,TF-99318,E117,7.3,6.91,66.8
2026-10-07T17:11:00,TF-99318,E117,7.31,6.91,66.8
2026-10-07T17:12:00,TF-99318,E117,7.32,6.9,66.8
2026-10-07T17:13:00,TF-99318,E117,7.33,6.9,66.8
2026-10-07T17:14:00,TF-99318,E117,7.34,6.9,66.8
2026-10-07T17:15:00,TF-99318,E117,7.35,6.89,66.8
2026-10-07T17:16:00,TF-99318,E117,7.36,6.89,66.8
2026-10-07T17:17:00,TF-99318,E117,7.37,6.89,66.8
2026-10-07T17:18:00,TF-99318,E117,7.38,6.89,66.8
2026-10-07T17:19:00,TF-99318,E117,7.39,6.88,66.8
2026-10-07T17:20:00,TF-99318,E117,7.4,6.88,66.8
2026-10-07T17:21:00,TF-99318,E117,7.41,6.88,66.8
2026-10-07T17:22:00,TF-99318,E117,7.42,6.87,66.8
2026-10-07T17:23:00,TF-99318,E117,7.43,6.87,66.8
2026-10-07T17:24:00,TF-99318,E117,7.44,6.87,66.8
2026-10-07T17:25:00,TF-99318,E117,7.45,6.86,66.8
2026-10-07T17:26:00,TF-99318,E117,7.46,6.86,66.8
2026-10-07T17:27:00,TF-99318,E117,7.47,6.86,66.8
2026-10-07T17:28:00,TF-99318,E117,7.48,6.86,66.8
2026-10-07T17:29:00,TF-99318,E117,7.49,6.85,66.8
2026-10-07T17:30:00,TF-99318,E117,7.5,6.85,66.8
2026-10-07T17:31:00,TF-99318,E117,7.51,6.85,66.9
2026-10-07T17:32:00,TF-99318,E117,7.52,6.84,66.9
2026-10-07T17:33:00,TF-99318,E117,7.53,6.84,66.9
2026-10-07T17:34:00,TF-99318,E117,7.54,6.84,66.9
2026-10-07T17:35:00,TF-99318,E117,7.55,6.83,66.9
2026-10-07T17:36:00,TF-99318,E117,7.56,6.83,66.9
2026-10-07T17:37:00,TF-99318,E117,7.57,6.83,66.9
2026-10-07T17:38:00,TF-99318,E117,7.58,6.83,66.9
2026-10-07T17:39:00,TF-99318,E117,7.59,6.82,66.9
2026-10-07T17:40:00,TF-99318,E117,7.6,6.82,66.9
2026-10-07T17:41:00,TF-99318,E117,7.61,6.82,66.9
2026-10-07T17:42:00,TF-99318,E117,7.62,6.81,66.9
2026-10-07T17:43:00,TF-99318,E117,7.63,6.81,66.9
2026-10-07T17:44:00,TF-99318,E117,7.64,6.81,66.9
2026-10-07T17:45:00,TF-99318,E117,7.65,6.8,66.9
2026-10-07T17:46:00,TF-99318,E117,7.66,6.8,66.9
2026-10-07T17:47:00,TF-99318,E117,7.67,6.8,66.9
2026-10-07T17:48:00,TF-99318,E117,7.68,6.8,66.9
2026-10-07T17:49:00,TF-99318,E117,7.69,6.79,66.9
2026-10-07T17:50:00,TF-99318,E117,7.7,6.79,67.0
2026-10-07T17:51:00,TF-99318,E117,7.71,6.79,67.0
2026-10-07T17:52:00,TF-99318,E117,7.72,6.78,67.0
2026-10-07T17:53:00,TF-99318,E117,7.73,6.78,67.0
2026-10-07T17:54:00,TF-99318,E117,7.74,6.78,67.0
2026-10-07T17:55:00,TF-99318,E117,7.75,6.77,67.0
2026-10-07T17:56:00,TF-99318,E117,7.76,6.77,67.0
2026-10-07T17:57:00,TF-99318,E117,7.77,6.77,67.0
2026-10-07T17:58:00,TF-99318,E117,7.78,6.77,67.0
2026-10-07T17:59:00,TF-99318,E117,7.79,6.76,67.0
2026-10-07T18:00:00,TF-99318,E117,7.8,6.76,67.0
2026-10-07T18:01:00,TF-99318,E117,7.81,6.76,67.0
2026-10-07T18:02:00,TF-99318,E117,7.82,6.75,67.0
2026-10-07T18:03:00,TF-99318,E117,7.83,6.75,67.0
2026-10-07T18:04:00,TF-99318,E117,7.84,6.75,67.0
2026-10-07T18:05:00,TF-99318,E117,7.85,6.74,67.0
2026-10-07T18:06:00,TF-99318,E117,7.86,6.74,67.0
2026-10-07T18:07:00,TF-99318,E117,7.87,6.74,67.0
2026-10-07T18:08:00,TF-99318,E117,7.88,6.74,67.0
2026-10-07T18:09:00,TF-99318,E117,7.89,6.73,67.0
2026-10-07T18:10:00,TF-99318,E117,7.9,6.73,67.0
2026-10-07T18:11:00,TF-99318,E117,7.91,6.73,67.1
2026-10-07T18:12:00,TF-99318,E117,7.92,6.72,67.1
2026-10-07T18:13:00,TF-99318,E117,7.93,6.72,67.1
2026-10-07T18:14:00,TF-99318,E117,7.94,6.72,67.1
2026-10-07T18:15:00,TF-99318,E117,7.95,6.71,67.1
2026-10-07T18:16:00,TF-99318,E117,7.96,6.71,67.1
2026-10-07T18:17:00,TF-99318,E117,7.97,6.71,67.1
2026-10-07T18:18:00,TF-99318,E117,7.98,6.71,67.1
2026-10-07T18:19:00,TF-99318,E117,7.99,6.7,67.1
2026-10-07T18:20:00,TF-99318,E117,8.0,6.7,67.1
2026-10-07T18:21:00,TF-99318,E117,8.01,6.7,67.1
2026-10-07T18:22:00,TF-99318,E117,8.02,6.69,67.1
2026-10-07T18:23:00,TF-99318,E117,8.03,6.69,67.1
2026-10-07T18:24:00,TF-99318,E117,8.04,6.69,67.1
2026-10-07T18:25:00,TF-99318,E117,8.05,6.68,67.1
2026-10-07T18:26:00,TF-99318,E117,8.06,6.68,67.1
2026-10-07T18:27:00,TF-99318,E117,8.07,6.68,67.1
2026-10-07T18:28:00,TF-99318,E117,8.08,6.68,67.1
2026-10-07T18:29:00,TF-99318,E117,8.09,6.67,67.1
2026-10-07T18:30:00,TF-99318,E117,8.1,6.67,67.2
2026-10-07T18:31:00,TF-99318,E117,8.11,6.67,67.2
2026-10-07T18:32:00,TF-99318,E117,8.12,6.66,67.2
2026-10-07T18:33:00,TF-99318,E117,8.13,6.66,67.2
2026-10-07T18:34:00,TF-99318,E117,8.14,6.66,67.2
2026-10-07T18:35:00,TF-99318,E117,8.15,6.65,67.2
2026-10-07T18:36:00,TF-99318,E117,8.16,6.65,67.2
2026-10-07T18:37:00,TF-99318,E117,8.17,6.65,67.2
2026-10-07T18:38:00,TF-99318,E117,8.18,6.65,67.2
2026-10-07T18:39:00,TF-99318,E117,8.19,6.64,67.2
2026-10-07T18:40:00,TF-99318,E117,8.2,6.64,67.2
2026-10-07T18:41:00,TF-99318,E117,8.21,6.64,67.2
2026-10-07T18:42:00,TF-99318,E117,8.22,6.63,67.2
2026-10-07T18:43:00,TF-99318,E117,8.23,6.63,67.2
2026-10-07T18:44:00,TF-99318,E117,8.24,6.63,67.2
2026-10-07T18:45:00,TF-99318,E117,8.25,6.62,67.2
2026-10-07T18:46:00,TF-99318,E117,8.26,6.62,67.2
2026-10-07T18:47:00,TF-99318,E117,8.27,6.62,67.2
2026-10-07T18:48:00,TF-99318,E117,8.28,6.62,67.2
2026-10-07T18:49:00,TF-99318,E117,8.29,6.61,67.2
2026-10-07T18:50:00,TF-99318,E117,8.3,6.61,67.2
2026-10-07T18:51:00,TF-99318,E117,8.31,6.61,67.3
2026-10-07T18:52:00,TF-99318,E117,8.32,6.6,67.3
2026-10-07T18:53:00,TF-99318,E117,8.33,6.6,67.3
2026-10-07T18:54:00,TF-99318,E117,8.34,6.6,67.3
2026-10-07T18:55:00,TF-99318,E117,8.35,6.59,67.3
2026-10-07T18:56:00,TF-99318,E117,8.36,6.59,67.3
2026-10-07T18:57:00,TF-99318,E117,8.37,6.59,67.3
2026-10-07T18:58:00,TF-99318,E117,8.38,6.59,67.3
2026-10-07T18:59:00,TF-99318,E117,8.39,6.58,67.3
2026-10-07T19:00:00,TF-99318,E117,8.4,6.58,67.3
2026-10-07T19:01:00,TF-99318,E117,8.41,6.58,67.3
2026-10-07T19:02:00,TF-99318,E117,8.42,6.57,67.3
2026-10-07T19:03:00,TF-99318,E117,8.43,6.57,67.3
2026-10-07T19:04:00,TF-99318,E117,8.44,6.57,67.3
2026-10-07T19:05:00,TF-99318,E117,8.45,6.56,67.3
2026-10-07T19:06:00,TF-99318,E117,8.46,6.56,67.3
2026-10-07T19:07:00,TF-99318,E117,8.47,6.56,67.3
2026-10-07T19:08:00,TF-99318,E117,8.48,6.56,67.3
2026-10-07T19:09:00,TF-99318,E117,8.49,6.55,67.3
2026-10-07T19:10:00,TF-99318,E117,8.5,6.55,67.3
2026-10-07T19:11:00,TF-99318,E117,8.51,6.55,67.4
2026-10-07T19:12:00,TF-99318,E117,8.52,6.54,67.4
2026-10-07T19:13:00,TF-99318,E117,8.53,6.54,67.4
2026-10-07T19:14:00,TF-99318,E117,8.54,6.54,67.4
2026-10-07T19:15:00,TF-99318,E117,8.55,6.53,67.4
2026-10-07T19:16:00,TF-99318,E117,8.56,6.53,67.4
2026-10-07T19:17:00,TF-99318,E117,8.57,6.53,67.4
2026-10-07T19:18:00,TF-99318,E117,8.58,6.53,67.4
2026-10-07T19:19:00,TF-99318,E117,8.59,6.52,67.4
2026-10-07T19:20:00,TF-99318,E117,8.6,6.52,67.4
2026-10-07T19:21:00,TF-99318,E117,8.61,6.52,67.4
2026-10-07T19:22:00,TF-99318,E117,8.62,6.51,67.4
2026-10-07T19:23:00,TF-99318,E117,8.63,6.51,67.4
2026-10-07T19:24:00,TF-99318,E117,8.64,6.51,67.4
2026-10-07T19:25:00,TF-99318,E117,8.65,6.5,67.4
2026-10-07T19:26:00,TF-99318,E117,8.66,6.5,67.4
2026-10-07T19:27:00,TF-99318,E117,8.67,6.5,67.4
2026-10-07T19:28:00,TF-99318,E117,8.68,6.5,67.4
2026-10-07T19:29:00,TF-99318,E117,8.69,6.49,67.4
2026-10-07T19:30:00,TF-99318,E117,8.7,6.49,67.5
2026-10-07T19:31:00,TF-99318,E117,8.71,6.49,67.5
2026-10-07T19:32:00,TF-99318,E117,8.72,6.48,67.5
2026-10-07T19:33:00,TF-99318,E117,8.73,6.48,67.5
2026-10-07T19:34:00,TF-99318,E117,8.74,6.48,67.5
2026-10-07T19:35:00,TF-99318,E117,8.75,6.47,67.5
2026-10-07T19:36:00,TF-99318,E117,8.76,6.47,67.5
2026-10-07T19:37:00,TF-99318,E117,8.77,6.47,67.5
2026-10-07T19:38:00,TF-99318,E117,8.78,6.47,67.5
2026-10-07T19:39:00,TF-99318,E117,8.79,6.46,67.5
2026-10-07T19:40:00,TF-99318,E117,8.8,6.46,67.5
2026-10-07T19:41:00,TF-99318,E117,8.81,6.46,67.5
2026-10-07T19:42:00,TF-99318,E117,8.82,6.45,67.5
2026-10-07T19:43:00,TF-99318,E117,8.83,6.45,67.5
2026-10-07T19:44:00,TF-99318,E117,8.84,6.45,67.5
2026-10-07T19:45:00,TF-99318,E117,8.85,6.44,67.5
2026-10-07T19:46:00,TF-99318,E117,8.86,6.44,67.5
2026-10-07T19:47:00,TF-99318,E117,8.87,6.44,67.5
2026-10-07T19:48:00,TF-99318,E117,8.88,6.44,67.5
2026-10-07T19:49:00,TF-99318,E117,8.89,6.43,67.5
2026-10-07T19:50:00,TF-99318,E117,8.9,6.43,67.5
2026-10-07T19:51:00,TF-99318,E117,8.91,6.43,67.6
2026-10-07T19:52:00,TF-99318,E117,8.92,6.42,67.6
2026-10-07T19:53:00,TF-99318,E117,8.93,6.42,67.6
2026-10-07T19:54:00,TF-99318,E117,8.94,6.42,67.6
2026-10-07T19:55:00,TF-99318,E117,8.95,6.41,67.6
2026-10-07T19:56:00,TF-99318,E117,8.96,6.41,67.6
2026-10-07T19:57:00,TF-99318,E117,8.97,6.41,67.6
2026-10-07T19:58:00,TF-99318,E117,8.98,6.41,67.6
2026-10-07T19:59:00,TF-99318,E117,8.99,6.4,67.6
