timestamp,region,orders,baseline_orders,variance_pct
2026-10-07T10:00:00,Singapore,1000,1000,0.0
2026-10-07T10:01:00,Singapore,1003,1003,0.0
2026-10-07T10:02:00,Singapore,1006,1006,0.0
2026-10-07T10:03:00,Singapore,1009,1009,0.0
2026-10-07T10:04:00,Singapore,1012,1012,0.0
2026-10-07T10:05:00,Singapore,1015,1015,0.0
2026-10-07T10:06:00,Singapore,1018,1018,0.0
2026-10-07T10:07:00,Singapore,1021,1021,0.0
2026-10-07T10:08:00,Singapore,1024,1024,0.0
2026-10-07T10:09:00,Singapore,1027,1027,0.0
2026-10-07T10:10:00,Singapore,1030,1030,0.0
2026-10-07T10:11:00,Singapore,1033,1033,0.0
2026-10-07T10:12:00,Singapore,1036,1036,0.0
2026-10-07T10:13:00,Singapore,1039,1039,0.0
2026-10-07T10:14:00,Singapore,1042,1042,0.0
2026-10-07T10:15:00,Singapore,1045,1045,0.0
2026-10-07T10:16:00,Singapore,1048,1048,0.0
2026-10-07T10:17:00,Singapore,1051,1051,0.0
2026-10-07T10:18:00,Singapore,1054,1054,0.0
2026-10-07T10:19:00,Singapore,1057,1057,0.0
2026-10-07T10:20:00,Singapore,1060,1060,0.0
2026-10-07T10:21:00,Singapore,1063,1063,0.0
2026-10-07T10:22:00,Singapore,1066,1066,0.0
2026-10-07T10:23:00,Singapore,1069,1069,0.0
2026-10-07T10:24:00,Singapore,1072,1072,0.0
2026-10-07T10:25:00,Singapore,1075,1075,0.0
2026-10-07T10:26:00,Singapore,1078,1078,0.0
2026-10-07T10:27:00,Singapore,1081,1081,0.0
2026-10-07T10:28:00,Singapore,1084,1084,0.0
2026-10-07T10:29:00,Singapore,1087,1087,0.0
2026-10-07T10:30:00,Singapore,1090,1090,0.0
2026-10-07T10:31:00,Singapore,1093,1093,0.0
2026-10-07T10:32:00,Singapore,1096,1096,0.0
2026-10-07T10:33:00,Singapore,1099,1099,0.0
2026-10-07T10:34:00,Singapore,1102,1102,0.0
2026-10-07T10:35:00,Singapore,1105,1105,0.0
2026-10-07T10:36:00,Singapore,1108,1108,0.0
2026-10-07T10:37:00,Singapore,1111,1111,0.0
2026-10-07T10:38:00,Singapore,1114,1114,0.0
2026-10-07T10:39:00,Singapore,1117,1117,0.0
2026-10-07T10:40:00,Singapore,1120,1120,0.0
2026-10-07T10:41:00,Singapore,1123,1123,0.0
2026-10-07T10:42:00,Singapore,1126,1126,0.0
2026-10-07T10:43:00,Singapore,1129,1129,0.0
2026-10-07T10:44:00,Singapore,1132,1132,0.0
2026-10-07T10:45:00,Singapore,1135,1135,0.0
2026-10-07T10:46:00,Singapore,1138,1138,0.0
2026-10-07T10:47:00,Singapore,1141,1141,0.0
2026-10-07T10:48:00,Singapore,1144,1144,0.0
2026-10-07T10:49:00,Singapore,1147,1147,0.0
2026-10-07T10:50:00,Singapore,1150,1150,0.0
2026-10-07T10:51:00,Singapore,1153,1153,0.0
2026-10-07T10:52:00,Singapore,1156,1156,0.0
2026-10-07T10:53:00,Singapore,1159,1159,0.0
2026-10-07T10:54:00,Singapore,1162,1162,0.0
2026-10-07T10:55:00,Singapore,1165,1165,0.0
2026-10-07T10:56:00,Singapore,1168,1168,0.0
2026-10-07T10:57:00,Singapore,1171,1171,0.0
2026-10-07T10:58:00,Singapore,1174,1174,0.0
2026-10-07T10:59:00,Singapore,1177,1177,0.0
2026-10-07T11:00:00,Singapore,1000,1000,0.0
2026-10-07T11:01:00,Singapore,1003,1003,0.0
2026-10-07T11:02:00,Singapore,1006,1006,0.0
2026-10-07T11:03:00,Singapore,1009,1009,0.0
2026-10-07T11:04:00,Singapore,1012,1012,0.0
2026-10-07T11:05:00,Singapore,1015,1015,0.0
2026-10-07T11:06:00,Singapore,1018,1018,0.0
2026-10-07T11:07:00,Singapore,1021,1021,0.0
2026-10-07T11:08:00,Singapore,1024,1024,0.0
2026-10-07T11:09:00,Singapore,1027,1027,0.0
2026-10-07T11:10:00,Singapore,1030,1030,0.0
2026-10-07T11:11:00,Singapore,1033,1033,0.0
2026-10-07T11:12:00,Singapore,1036,1036,0.0
2026-10-07T11:13:00,Singapore,1039,1039,0.0
2026-10-07T11:14:00,Singapore,1042,1042,0.0
2026-10-07T11:15:00,Singapore,1045,1045,0.0
2026-10-07T11:16:00,Singapore,1048,1048,0.0
2026-10-07T11:17:00,Singapore,1051,1051,0.0
2026-10-07T11:18:00,Singapore,1054,1054,0.0
2026-10-07T11:19:00,Singapore,1057,1057,0.0
2026-10-07T11:20:00,Singapore,1060,1060,0.0
2026-10-07T11:21:00,Singapore,1063,1063,0.0
2026-10-07T11:22:00,Singapore,1066,1066,0.0
2026-10-07T11:23:00,Singapore,1069,1069,0.0
2026-10-07T11:24:00,Singapore,1072,1072,0.0
2026-10-07T11:25:00,Singapore,1075,1075,0.0
2026-10-07T11:26:00,Singapore,1078,1078,0.0
2026-10-07T11:27:00,Singapore,1081,1081,0.0
2026-10-07T11:28:00,Singapore,1084,1084,0.0
2026-10-07T11:29:00,Singapore,1087,1087,0.0
2026-10-07T11:30:00,Singapore,1090,1090,0.0
2026-10-07T11:31:00,Singapore,1093,1093,0.0
2026-10-07T11:32:00,Singapore,1096,1096,0.0
2026-10-07T11:33:00,Singapore,1099,1099,0.0
2026-10-07T11:34:00,Singapore,1102,1102,0.0
2026-10-07T11:35:00,Singapore,1105,1105,0.0
2026-10-07T11:36:00,Singapore,1108,1108,0.0
2026-10-07T11:37:00,Singapore,1111,1111,0.0
2026-10-07T11:38:00,Singapore,1114,1114,0.0
2026-10-07T11:39:00,Singapore,1117,1117,0.0
2026-10-07T11:40:00,Singapore,1120,1120,0.0
2026-10-07T11:41:00,Singapore,1123,1123,0.0
2026-10-07T11:42:00,Singapore,1126,1126,0.0
2026-10-07T11:43:00,Singapore,1129,1129,0.0
2026-10-07T11:44:00,Singapore,1132,1132,0.0
2026-10-07T11:45:00,Singapore,1135,1135,0.0
2026-10-07T11:46:00,Singapore,1138,1138,0.0
2026-10-07T11:47:00,Singapore,1141,1141,0.0
2026-10-07T11:48:00,Singapore,1144,1144,0.0
2026-10-07T11:49:00,Singapore,1147,1147,0.0
2026-10-07T11:50:00,Singapore,1150,1150,0.0
2026-10-07T11:51:00,Singapore,1153,1153,0.0
2026-10-07T11:52:00,Singapore,1156,1156,0.0
2026-10-07T11:53:00,Singapore,1159,1159,0.0
2026-10-07T11:54:00,Singapore,1162,1162,0.0
2026-10-07T11:55:00,Singapore,1165,1165,0.0
2026-10-07T11:56:00,Singapore,1168,1168,0.0
2026-10-07T11:57:00,Singapore,1171,1171,0.0
2026-10-07T11:58:00,Singapore,1174,1174,0.0
2026-10-07T11:59:00,Singapore,1177,1177,0.0
2026-10-07T12:00:00,Singapore,1000,1000,0.0
2026-10-07T12:01:00,Singapore,1003,1003,0.0
2026-10-07T12:02:00,Singapore,1006,1006,0.0
2026-10-07T12:03:00,Singapore,1009,1009,0.0
2026-10-07T12:04:00,Singapore,1012,1012,0.0
2026-10-07T12:05:00,Singapore,1015,1015,0.0
2026-10-07T12:06:00,Singapore,1018,1018,0.0
2026-10-07T12:07:00,Singapore,1021,1021,0.0
2026-10-07T12:08:00,Singapore,1024,1024,0.0
2026-10-07T12:09:00,Singapore,1027,1027,0.0
2026-10-07T12:10:00,Singapore,1030,1030,0.0
2026-10-07T12:11:00,Singapore,1033,1033,0.0
2026-10-07T12:12:00,Singapore,1036,1036,0.0
2026-10-07T12:13:00,Singapore,1039,1039,0.0
2026-10-07T12:14:00,Singapore,1042,1042,0.0
2026-10-07T12:15:00,Singapore,1045,1045,0.0
2026-10-07T12:16:00,Singapore,1048,1048,0.0
2026-10-07T12:17:00,Singapore,1051,1051,0.0
2026-10-07T12:18:00,Singapore,1054,1054,0.0
2026-10-07T12:19:00,Singapore,1057,1057,0.0
2026-10-07T12:20:00,Singapore,1060,1060,0.0
2026-10-07T12:21:00,Singapore,1063,1063,0.0
2026-10-07T12:22:00,Singapore,1066,1066,0.0
2026-10-07T12:23:00,Singapore,1069,1069,0.0
2026-10-07T12:24:00,Singapore,1072,1072,0.0
2026-10-07T12:25:00,Singapore,1075,1075,0.0
2026-10-07T12:26:00,Singapore,1078,1078,0.0
2026-10-07T12:27:00,Singapore,1081,1081,0.0
2026-10-07T12:28:00,Singapore,1084,1084,0.0
2026-10-07T12:29:00,Singapore,1087,1087,0.0
2026-10-07T12:30:00,Singapore,1090,1090,0.0
2026-10-07T12:31:00,Singapore,1093,1093,0.0
2026-10-07T12:32:00,Singapore,1096,1096,0.0
2026-10-07T12:33:00,Singapore,1099,1099,0.0
2026-10-07T12:34:00,Singapore,1102,1102,0.0
2026-10-07T12:35:00,Singapore,1105,1105,0.0
2026-10-07T12:36:00,Singapore,1108,1108,0.0
2026-10-07T12:37:00,Singapore,1111,1111,0.0
2026-10-07T12:38:00,Singapore,1114,1114,0.0
2026-10-07T12:39:00,Singapore,1117,1117,0.0
2026-10-07T12:40:00,Singapore,1120,1120,0.0
2026-10-07T12:41:00,Singapore,1123,1123,0.0
2026-10-07T12:42:00,Singapore,1126,1126,0.0
2026-10-07T12:43:00,Singapore,1129,1129,0.0
2026-10-07T12:44:00,Singapore,1132,1132,0.0
2026-10-07T12:45:00,Singapore,1135,1135,0.0
2026-10-07T12:46:00,Singapore,1138,1138,0.0
2026-10-07T12:47:00,Singapore,1141,1141,0.0
2026-10-07T12:48:00,Singapore,1144,1144,0.0
2026-10-07T12:49:00,Singapore,1147,1147,0.0
2026-10-07T12:50:00,Singapore,943,1150,-18.0
2026-10-07T12:51:00,Singapore,945,1153,-18.0
2026-10-07T12:52:00,Singapore,947,1156,-18.1
2026-10-07T12:53:00,Singapore,950,1159,-18.0
2026-10-07T12:54:00,Singapore,952,1162,-18.1
2026-10-07T12:55:00,Singapore,955,1165,-18.0
2026-10-07T12:56:00,Singapore,957,1168,-18.1
2026-10-07T12:57:00,Singapore,960,1171,-18.0
2026-10-07T12:58:00,Singapore,962,1174,-18.1
2026-10-07T12:59:00,Singapore,965,1177,-18.0
2026-10-07T13:00:00,Singapore,820,1000,-18.0
2026-10-07T13:01:00,Singapore,822,1003,-18.0
2026-10-07T13:02:00,Singapore,824,1006,-18.1
2026-10-07T13:03:00,Singapore,827,1009,-18.0
2026-10-07T13:04:00,Singapore,829,1012,-18.1
2026-10-07T13:05:00,Singapore,832,1015,-18.0
2026-10-07T13:06:00,Singapore,834,1018,-18.1
2026-10-07T13:07:00,Singapore,837,1021,-18.0
2026-10-07T13:08:00,Singapore,839,1024,-18.1
2026-10-07T13:09:00,Singapore,842,1027,-18.0
2026-10-07T13:10:00,Singapore,844,1030,-18.1
2026-10-07T13:11:00,Singapore,847,1033,-18.0
2026-10-07T13:12:00,Singapore,849,1036,-18.1
2026-10-07T13:13:00,Singapore,851,1039,-18.1
2026-10-07T13:14:00,Singapore,854,1042,-18.0
2026-10-07T13:15:00,Singapore,856,1045,-18.1
2026-10-07T13:16:00,Singapore,859,1048,-18.0
2026-10-07T13:17:00,Singapore,861,1051,-18.1
2026-10-07T13:18:00,Singapore,864,1054,-18.0
2026-10-07T13:19:00,Singapore,866,1057,-18.1
2026-10-07T13:20:00,Singapore,869,1060,-18.0
2026-10-07T13:21:00,Singapore,871,1063,-18.1
2026-10-07T13:22:00,Singapore,874,1066,-18.0
2026-10-07T13:23:00,Singapore,876,1069,-18.1
2026-10-07T13:24:00,Singapore,879,1072,-18.0
2026-10-07T13:25:00,Singapore,881,1075,-18.0
2026-10-07T13:26:00,Singapore,1078,1078,0.0
2026-10-07T13:27:00,Singapore,1081,1081,0.0
2026-10-07T13:28:00,Singapore,1084,1084,0.0
2026-10-07T13:29:00,Singapore,1087,1087,0.0
2026-10-07T13:30:00,Singapore,1090,1090,0.0
2026-10-07T13:31:00,Singapore,1093,1093,0.0
2026-10-07T13:32:00,Singapore,1096,1096,0.0
2026-10-07T13:33:00,Singapore,1099,1099,0.0
2026-10-07T13:34:00,Singapore,1102,1102,0.0
2026-10-07T13:35:00,Singapore,1105,1105,0.0
2026-10-07T13:36:00,Singapore,1108,1108,0.0
2026-10-07T13:37:00,Singapore,1111,1111,0.0
2026-10-07T13:38:00,Singapore,1114,1114,0.0
2026-10-07T13:39:00,Singapore,1117,1117,0.0
2026-10-07T13:40:00,Singapore,1120,1120,0.0
2026-10-07T13:41:00,Singapore,1123,1123,0.0
2026-10-07T13:42:00,Singapore,1126,1126,0.0
2026-10-07T13:43:00,Singapore,1129,1129,0.0
2026-10-07T13:44:00,Singapore,1132,1132,0.0
2026-10-07T13:45:00,Singapore,1135,1135,0.0
2026-10-07T13:46:00,Singapore,1138,1138,0.0
2026-10-07T13:47:00,Singapore,1141,1141,0.0
2026-10-07T13:48:00,Singapore,1144,1144,0.0
2026-10-07T13:49:00,Singapore,1147,1147,0.0
2026-10-07T13:50:00,Singapore,1150,1150,0.0
2026-10-07T13:51:00,Singapore,1153,1153,0.0
2026-10-07T13:52:00,Singapore,1156,1156,0.0
2026-10-07T13:53:00,Singapore,1159,1159,0.0
2026-10-07T13:54:00,Singapore,1162,1162,0.0
2026-10-07T13:55:00,Singapore,1165,1165,0.0
2026-10-07T13:56:00,Singapore,1168,1168,0.0
2026-10-07T13:57:00,Singapore,1171,1171,0.0
2026-10-07T13:58:00,Singapore,1174,1174,0.0
2026-10-07T13:59:00,Singapore,1177,1177,0.0
2026-10-07T14:00:00,Singapore,1000,1000,0.0
2026-10-07T14:01:00,Singapore,1003,1003,0.0
2026-10-07T14:02:00,Singapore,1006,1006,0.0
2026-10-07T14:03:00,Singapore,1009,1009,0.0
2026-10-07T14:04:00,Singapore,1012,1012,0.0
2026-10-07T14:05:00,Singapore,1015,1015,0.0
2026-10-07T14:06:00,Singapore,1018,1018,0.0
2026-10-07T14:07:00,Singapore,1021,1021,0.0
2026-10-07T14:08:00,Singapore,1024,1024,0.0
2026-10-07T14:09:00,Singapore,1027,1027,0.0
2026-10-07T14:10:00,Singapore,1030,1030,0.0
2026-10-07T14:11:00,Singapore,1033,1033,0.0
2026-10-07T14:12:00,Singapore,1036,1036,0.0
2026-10-07T14:13:00,Singapore,1039,1039,0.0
2026-10-07T14:14:00,Singapore,1042,1042,0.0
2026-10-07T14:15:00,Singapore,1045,1045,0.0
2026-10-07T14:16:00,Singapore,1048,1048,0.0
2026-10-07T14:17:00,Singapore,1051,1051,0.0
2026-10-07T14:18:00,Singapore,1054,1054,0.0
2026-10-07T14:19:00,Singapore,1057,1057,0.0
2026-10-07T14:20:00,Singapore,1060,1060,0.0
2026-10-07T14:21:00,Singapore,1063,1063,0.0
2026-10-07T14:22:00,Singapore,1066,1066,0.0
2026-10-07T14:23:00,Singapore,1069,1069,0.0
2026-10-07T14:24:00,Singapore,1072,1072,0.0
2026-10-07T14:25:00,Singapore,1075,1075,0.0
2026-10-07T14:26:00,Singapore,1078,1078,0.0
2026-10-07T14:27:00,Singapore,1081,1081,0.0
2026-10-07T14:28:00,Singapore,1084,1084,0.0
2026-10-07T14:29:00,Singapore,1087,1087,0.0
2026-10-07T14:30:00,Singapore,1090,1090,0.0
2026-10-07T14:31:00,Singapore,1093,1093,0.0
2026-10-07T14:32:00,Singapore,1096,1096,0.0
2026-10-07T14:33:00,Singapore,1099,1099,0.0
2026-10-07T14:34:00,Singapore,1102,1102,0.0
2026-10-07T14:35:00,Singapore,1105,1105,0.0
2026-10-07T14:36:00,Singapore,1108,1108,0.0
2026-10-07T14:37:00,Singapore,1111,1111,0.0
2026-10-07T14:38:00,Singapore,1114,1114,0.0
2026-10-07T14:39:00,Singapore,1117,1117,0.0
2026-10-07T14:40:00,Singapore,1120,1120,0.0
2026-10-07T14:41:00,Singapore,1123,1123,0.0
2026-10-07T14:42:00,Singapore,1126,1126,0.0
2026-10-07T14:43:00,Singapore,1129,1129,0.0
2026-10-07T14:44:00,Singapore,1132,1132,0.0
2026-10-07T14:45:00,Singapore,1135,1135,0.0
2026-10-07T14:46:00,Singapore,1138,1138,0.0
2026-10-07T14:47:00,Singapore,1141,1141,0.0
2026-10-07T14:48:00,Singapore,1144,1144,0.0
2026-10-07T14:49:00,Singapore,1147,1147,0.0
2026-10-07T14:50:00,Singapore,1150,1150,0.0
2026-10-07T14:51:00,Singapore,1153,1153,0.0
2026-10-07T14:52:00,Singapore,1156,1156,0.0
2026-10-07T14:53:00,Singapore,1159,1159,0.0
2026-10-07T14:54:00,Singapore,1162,1162,0.0
2026-10-07T14:55:00,Singapore,1165,1165,0.0
2026-10-07T14:56:00,Singapore,1168,1168,0.0
2026-10-07T14:57:00,Singapore,1171,1171,0.0
2026-10-07T14:58:00,Singapore,1174,1174,0.0
2026-10-07T14:59:00,Singapore,1177,1177,0.0
